YEAR,AGES,SEX,POPULATION
1990,10 - 14,MALE,8817214
1990,10 - 14,FEMALE,8395673
1990,15 - 19,MALE,9116084
1990,15 - 19,FEMALE,8655509
1990,20 - 24,MALE,9754135
1990,20 - 24,FEMALE,9396251
1990,25 - 29,MALE,10682257
1990,25 - 29,FEMALE,10594790
1990,30 - 34,MALE,10922037
1990,30 - 34,FEMALE,11016736
1990,35 - 39,MALE,9908868
1990,35 - 39,FEMALE,10081427
1990,40 - 44,MALE,8779241
1990,40 - 44,FEMALE,9013701
1990,45 - 49,MALE,6781742
1990,45 - 49,FEMALE,7047274
1990,50 - 54,MALE,5526137
1990,50 - 54,FEMALE,5851625
1990,55 - 59,MALE,5006863
1990,55 - 59,FEMALE,5471296
1990,60 - 64,MALE,4950371
1990,60 - 64,FEMALE,5673111
1990,65 - 69,MALE,4514029
1990,65 - 69,FEMALE,5564894
1990,70 - 74,MALE,3423889
1990,70 - 74,FEMALE,4601174
1990,75 - 79,MALE,2410647
1990,75 - 79,FEMALE,3736349
1990,80 - 84,MALE,1365744
1990,80 - 84,FEMALE,2570953
1990,85 AND OVER,MALE,851036
1990,85 AND OVER,FEMALE,2208564
1990,UNDER 10,MALE,18903470
1990,UNDER 10,FEMALE,18029723
1991,10 - 14,MALE,9097039
1991,10 - 14,FEMALE,8658916
1991,15 - 19,MALE,8862971
1991,15 - 19,FEMALE,8407309
1991,20 - 24,MALE,9783081
1991,20 - 24,FEMALE,9451344
1991,25 - 29,MALE,10511932
1991,25 - 29,FEMALE,10411205
1991,30 - 34,MALE,11126960
1991,30 - 34,FEMALE,11173905
1991,35 - 39,MALE,10209233
1991,35 - 39,FEMALE,10368115
1991,40 - 44,MALE,9259021
1991,40 - 44,FEMALE,9493097
1991,45 - 49,MALE,6928072
1991,45 - 49,FEMALE,7201020
1991,50 - 54,MALE,5683326
1991,50 - 54,FEMALE,6007734
1991,55 - 59,MALE,4998678
1991,55 - 59,FEMALE,5444111
1991,60 - 64,MALE,4957914
1991,60 - 64,FEMALE,5645158
1991,65 - 69,MALE,4498582
1991,65 - 69,FEMALE,5539784
1991,70 - 74,MALE,3542095
1991,70 - 74,FEMALE,4713443
1991,75 - 79,MALE,2480448
1991,75 - 79,FEMALE,3801620
1991,80 - 84,MALE,1406426
1991,80 - 84,FEMALE,2640087
1991,85 AND OVER,MALE,883004
1991,85 AND OVER,FEMALE,2306135
1991,UNDER 10,MALE,19187453
1991,UNDER 10,FEMALE,18301723
1992,10 - 14,MALE,9348471
1992,10 - 14,FEMALE,8897292
1992,15 - 19,MALE,8857670
1992,15 - 19,FEMALE,8388570
1992,20 - 24,MALE,9771427
1992,20 - 24,FEMALE,9416575
1992,25 - 29,MALE,10311952
1992,25 - 29,FEMALE,10190665
1992,30 - 34,MALE,11246340
1992,30 - 34,FEMALE,11248013
1992,35 - 39,MALE,10525424
1992,35 - 39,FEMALE,10658975
1992,40 - 44,MALE,9277236
1992,40 - 44,FEMALE,9514699
1992,45 - 49,MALE,7568862
1992,45 - 49,FEMALE,7843836
1992,50 - 54,MALE,5903147
1992,50 - 54,FEMALE,6231873
1992,55 - 59,MALE,5044470
1992,55 - 59,FEMALE,5476430
1992,60 - 64,MALE,4912702
1992,60 - 64,FEMALE,5564456
1992,65 - 69,MALE,4487829
1992,65 - 69,FEMALE,5507743
1992,70 - 74,MALE,3656967
1992,70 - 74,FEMALE,4833480
1992,75 - 79,MALE,2540436
1992,75 - 79,FEMALE,3860209
1992,80 - 84,MALE,1452229
1992,80 - 84,FEMALE,2702441
1992,85 AND OVER,MALE,915623
1992,85 AND OVER,FEMALE,2399037
1992,UNDER 10,MALE,19426361
1992,UNDER 10,FEMALE,18532784
1993,10 - 14,MALE,9592653
1993,10 - 14,FEMALE,9128750
1993,15 - 19,MALE,8977716
1993,15 - 19,FEMALE,8496137
1993,20 - 24,MALE,9662158
1993,20 - 24,FEMALE,9327766
1993,25 - 29,MALE,10095753
1993,25 - 29,FEMALE,9973140
1993,30 - 34,MALE,11303253
1993,30 - 34,FEMALE,11280250
1993,35 - 39,MALE,10804900
1993,35 - 39,FEMALE,10921695
1993,40 - 44,MALE,9471513
1993,40 - 44,FEMALE,9713442
1993,45 - 49,MALE,7863228
1993,45 - 49,FEMALE,8150096
1993,50 - 54,MALE,6258750
1993,50 - 54,FEMALE,6591875
1993,55 - 59,MALE,5155282
1993,55 - 59,FEMALE,5580971
1993,60 - 64,MALE,4836339
1993,60 - 64,FEMALE,5455879
1993,65 - 69,MALE,4526517
1993,65 - 69,FEMALE,5517262
1993,70 - 74,MALE,3737304
1993,70 - 74,FEMALE,4911536
1993,75 - 79,MALE,2588179
1993,75 - 79,FEMALE,3899020
1993,80 - 84,MALE,1502666
1993,80 - 84,FEMALE,2773761
1993,85 AND OVER,MALE,951939
1993,85 AND OVER,FEMALE,2493627
1993,UNDER 10,MALE,19642450
1993,UNDER 10,FEMALE,18732781
1994,10 - 14,MALE,9735451
1994,10 - 14,FEMALE,9265835
1994,15 - 19,MALE,9186779
1994,15 - 19,FEMALE,8689030
1994,20 - 24,MALE,9488299
1994,20 - 24,FEMALE,9167765
1994,25 - 29,MALE,9932512
1994,25 - 29,FEMALE,9807053
1994,30 - 34,MALE,11317083
1994,30 - 34,FEMALE,11272906
1994,35 - 39,MALE,11014699
1994,35 - 39,FEMALE,11119908
1994,40 - 44,MALE,9720602
1994,40 - 44,FEMALE,9963657
1994,45 - 49,MALE,8245875
1994,45 - 49,FEMALE,8544695
1994,50 - 54,MALE,6510764
1994,50 - 54,FEMALE,6851427
1994,55 - 59,MALE,5290220
1994,55 - 59,FEMALE,5718746
1994,60 - 64,MALE,4780289
1994,60 - 64,FEMALE,5369882
1994,65 - 69,MALE,4527750
1994,65 - 69,FEMALE,5479976
1994,70 - 74,MALE,3803138
1994,70 - 74,FEMALE,4978927
1994,75 - 79,MALE,2644055
1994,75 - 79,FEMALE,3947507
1994,80 - 84,MALE,1551830
1994,80 - 84,FEMALE,2836588
1994,85 AND OVER,MALE,986224
1994,85 AND OVER,FEMALE,2574808
1994,UNDER 10,MALE,19861909
1994,UNDER 10,FEMALE,18939632
1995,10 - 14,MALE,9840840
1995,10 - 14,FEMALE,9366209
1995,15 - 19,MALE,9444867
1995,15 - 19,FEMALE,8929131
1995,20 - 24,MALE,9314281
1995,20 - 24,FEMALE,8985933
1995,25 - 29,MALE,9907333
1995,25 - 29,FEMALE,9772603
1995,30 - 34,MALE,11213898
1995,30 - 34,FEMALE,11158289
1995,35 - 39,MALE,11199553
1995,35 - 39,FEMALE,11292067
1995,40 - 44,MALE,9989406
1995,40 - 44,FEMALE,10229742
1995,45 - 49,MALE,8658003
1995,45 - 49,FEMALE,8965738
1995,50 - 54,MALE,6755595
1995,50 - 54,FEMALE,7100903
1995,55 - 59,MALE,5378296
1995,55 - 59,FEMALE,5804002
1995,60 - 64,MALE,4780377
1995,60 - 64,FEMALE,5357347
1995,65 - 69,MALE,4539491
1995,65 - 69,FEMALE,5436994
1995,70 - 74,MALE,3855666
1995,70 - 74,FEMALE,5033937
1995,75 - 79,MALE,2705957
1995,75 - 79,FEMALE,4001925
1995,80 - 84,MALE,1610612
1995,80 - 84,FEMALE,2904000
1995,85 AND OVER,MALE,1023586
1995,85 AND OVER,FEMALE,2657136
1995,UNDER 10,MALE,19997610
1995,UNDER 10,FEMALE,19067066
1996,10 - 14,MALE,9958484
1996,10 - 14,FEMALE,9476625
1996,15 - 19,MALE,9726937
1996,15 - 19,FEMALE,9193223
1996,20 - 24,MALE,9106285
1996,20 - 24,FEMALE,8770360
1996,25 - 29,MALE,9999296
1996,25 - 29,FEMALE,9864844
1996,30 - 34,MALE,11005601
1996,30 - 34,FEMALE,10939564
1996,35 - 39,MALE,11351743
1996,35 - 39,FEMALE,11434008
1996,40 - 44,MALE,10263012
1996,40 - 44,FEMALE,10502500
1996,45 - 49,MALE,9145470
1996,45 - 49,FEMALE,9465056
1996,50 - 54,MALE,6919970
1996,50 - 54,FEMALE,7269469
1996,55 - 59,MALE,5527409
1996,55 - 59,FEMALE,5953291
1996,60 - 64,MALE,4777310
1996,60 - 64,FEMALE,5331976
1996,65 - 69,MALE,4552732
1996,65 - 69,FEMALE,5411355
1996,70 - 74,MALE,3845563
1996,70 - 74,FEMALE,5014838
1996,75 - 79,MALE,2801723
1996,75 - 79,FEMALE,4101965
1996,80 - 84,MALE,1664441
1996,80 - 84,FEMALE,2955540
1996,85 AND OVER,MALE,1059931
1996,85 AND OVER,FEMALE,2734961
1996,UNDER 10,MALE,20101577
1996,UNDER 10,FEMALE,19167225
1997,10 - 14,MALE,10043343
1997,10 - 14,FEMALE,9557354
1997,15 - 19,MALE,9972525
1997,15 - 19,FEMALE,9425166
1997,20 - 24,MALE,9129146
1997,20 - 24,FEMALE,8780930
1997,25 - 29,MALE,10019988
1997,25 - 29,FEMALE,9879052
1997,30 - 34,MALE,10756192
1997,30 - 34,FEMALE,10689731
1997,35 - 39,MALE,11413625
1997,35 - 39,FEMALE,11489996
1997,40 - 44,MALE,10548512
1997,40 - 44,FEMALE,10776282
1997,45 - 49,MALE,9180643
1997,45 - 49,FEMALE,9505997
1997,50 - 54,MALE,7569170
1997,50 - 54,FEMALE,7921698
1997,55 - 59,MALE,5736602
1997,55 - 59,FEMALE,6168485
1997,60 - 64,MALE,4827938
1997,60 - 64,FEMALE,5366286
1997,65 - 69,MALE,4515774
1997,65 - 69,FEMALE,5334056
1997,70 - 74,MALE,3841958
1997,70 - 74,FEMALE,4992086
1997,75 - 79,MALE,2893447
1997,75 - 79,FEMALE,4205383
1997,80 - 84,MALE,1711867
1997,80 - 84,FEMALE,3001514
1997,85 AND OVER,MALE,1100179
1997,85 AND OVER,FEMALE,2805297
1997,UNDER 10,MALE,20212617
1997,UNDER 10,FEMALE,19274086
1998,10 - 14,MALE,10158319
1998,10 - 14,FEMALE,9666862
1998,15 - 19,MALE,10198737
1998,15 - 19,FEMALE,9640995
1998,20 - 24,MALE,9265888
1998,20 - 24,FEMALE,8901215
1998,25 - 29,MALE,9976286
1998,25 - 29,FEMALE,9827358
1998,30 - 34,MALE,10513708
1998,30 - 34,FEMALE,10439160
1998,35 - 39,MALE,11426789
1998,35 - 39,FEMALE,11499408
1998,40 - 44,MALE,10804791
1998,40 - 44,FEMALE,11017366
1998,45 - 49,MALE,9393987
1998,45 - 49,FEMALE,9720176
1998,50 - 54,MALE,7879179
1998,50 - 54,FEMALE,8238515
1998,55 - 59,MALE,6075972
1998,55 - 59,FEMALE,6513475
1998,60 - 64,MALE,4945136
1998,60 - 64,FEMALE,5476372
1998,65 - 69,MALE,4448951
1998,65 - 69,FEMALE,5228314
1998,70 - 74,MALE,3884340
1998,70 - 74,FEMALE,5008642
1998,75 - 79,MALE,2956933
1998,75 - 79,FEMALE,4271185
1998,80 - 84,MALE,1753278
1998,80 - 84,FEMALE,3034981
1998,85 AND OVER,MALE,1146825
1998,85 AND OVER,FEMALE,2885710
1998,UNDER 10,MALE,20300785
1998,UNDER 10,FEMALE,19354466
1999,10 - 14,MALE,10357700
1999,10 - 14,FEMALE,9855664
1999,15 - 19,MALE,10323033
1999,15 - 19,FEMALE,9761569
1999,20 - 24,MALE,9492814
1999,20 - 24,FEMALE,9098615
1999,25 - 29,MALE,9879090
1999,25 - 29,FEMALE,9695967
1999,30 - 34,MALE,10354226
1999,30 - 34,FEMALE,10249123
1999,35 - 39,MALE,11408395
1999,35 - 39,FEMALE,11474154
1999,40 - 44,MALE,10998678
1999,40 - 44,FEMALE,11195450
1999,45 - 49,MALE,9666473
1999,45 - 49,FEMALE,9987734
1999,50 - 54,MALE,8279041
1999,50 - 54,FEMALE,8644571
1999,55 - 59,MALE,6319787
1999,55 - 59,FEMALE,6765034
1999,60 - 64,MALE,5079476
1999,60 - 64,FEMALE,5613729
1999,65 - 69,MALE,4399510
1999,65 - 69,FEMALE,5141988
1999,70 - 74,MALE,3893975
1999,70 - 74,FEMALE,4983436
1999,75 - 79,MALE,3011385
1999,75 - 79,FEMALE,4331221
1999,80 - 84,MALE,1802331
1999,80 - 84,FEMALE,3079977
1999,85 AND OVER,MALE,1193310
1999,85 AND OVER,FEMALE,2960708
1999,UNDER 10,MALE,20343649
1999,UNDER 10,FEMALE,19398355
2000,10 - 14,MALE,10565931
2000,10 - 14,FEMALE,10054578
2000,15 - 19,MALE,10434648
2000,15 - 19,FEMALE,9847541
2000,20 - 24,MALE,9774847
2000,20 - 24,FEMALE,9349436
2000,25 - 29,MALE,9759683
2000,25 - 29,FEMALE,9534535
2000,30 - 34,MALE,10333425
2000,30 - 34,FEMALE,10195212
2000,35 - 39,MALE,11294181
2000,35 - 39,FEMALE,11355161
2000,40 - 44,MALE,11165975
2000,40 - 44,FEMALE,11350046
2000,45 - 49,MALE,9951512
2000,45 - 49,FEMALE,10264529
2000,50 - 54,MALE,8698949
2000,50 - 54,FEMALE,9072112
2000,55 - 59,MALE,6553267
2000,55 - 59,FEMALE,7004695
2000,60 - 64,MALE,5163500
2000,60 - 64,FEMALE,5693080
2000,65 - 69,MALE,4395270
2000,65 - 69,FEMALE,5122297
2000,70 - 74,MALE,3908870
2000,70 - 74,FEMALE,4948466
2000,75 - 79,MALE,3057450
2000,75 - 79,FEMALE,4382072
2000,80 - 84,MALE,1854417
2000,80 - 84,FEMALE,3132786
2000,85 AND OVER,MALE,1237825
2000,85 AND OVER,FEMALE,3030762
2000,UNDER 10,MALE,20309000
2000,UNDER 10,FEMALE,19369786
2001,10 - 14,MALE,10705043
2001,10 - 14,FEMALE,10190673
2001,15 - 19,MALE,10522898
2001,15 - 19,FEMALE,9873360
2001,20 - 24,MALE,10123861
2001,20 - 24,FEMALE,9676906
2001,25 - 29,MALE,9575384
2001,25 - 29,FEMALE,9314583
2001,30 - 34,MALE,10414167
2001,30 - 34,FEMALE,10266251
2001,35 - 39,MALE,11102910
2001,35 - 39,FEMALE,11131341
2001,40 - 44,MALE,11315257
2001,40 - 44,FEMALE,11495536
2001,45 - 49,MALE,10186074
2001,45 - 49,FEMALE,10500272
2001,50 - 54,MALE,9125431
2001,50 - 54,FEMALE,9522419
2001,55 - 59,MALE,6740604
2001,55 - 59,FEMALE,7191038
2001,60 - 64,MALE,5286115
2001,60 - 64,FEMALE,5819666
2001,65 - 69,MALE,4412779
2001,65 - 69,FEMALE,5120372
2001,70 - 74,MALE,3908279
2001,70 - 74,FEMALE,4902812
2001,75 - 79,MALE,3080992
2001,75 - 79,FEMALE,4381026
2001,80 - 84,MALE,1934387
2001,80 - 84,FEMALE,3218511
2001,85 AND OVER,MALE,1271328
2001,85 AND OVER,FEMALE,3073505
2001,UNDER 10,MALE,20296747
2001,UNDER 10,FEMALE,19369120
2002,10 - 14,MALE,10811892
2002,10 - 14,FEMALE,10295426
2002,15 - 19,MALE,10583375
2002,15 - 19,FEMALE,9916912
2002,20 - 24,MALE,10407426
2002,20 - 24,FEMALE,9915368
2002,25 - 29,MALE,9547097
2002,25 - 29,FEMALE,9266045
2002,30 - 34,MALE,10434021
2002,30 - 34,FEMALE,10271816
2002,35 - 39,MALE,10863023
2002,35 - 39,FEMALE,10883560
2002,40 - 44,MALE,11353441
2002,40 - 44,FEMALE,11525318
2002,45 - 49,MALE,10453259
2002,45 - 49,FEMALE,10774673
2002,50 - 54,MALE,9130319
2002,50 - 54,FEMALE,9537311
2002,55 - 59,MALE,7306523
2002,55 - 59,FEMALE,7767133
2002,60 - 64,MALE,5479160
2002,60 - 64,FEMALE,6024715
2002,65 - 69,MALE,4447471
2002,65 - 69,FEMALE,5137861
2002,70 - 74,MALE,3888038
2002,70 - 74,FEMALE,4842743
2002,75 - 79,MALE,3108513
2002,75 - 79,FEMALE,4374014
2002,80 - 84,MALE,2013331
2002,80 - 84,FEMALE,3307582
2002,85 AND OVER,MALE,1310745
2002,85 AND OVER,FEMALE,3117581
2002,UNDER 10,MALE,20285125
2002,UNDER 10,FEMALE,19364813
2003,10 - 14,MALE,10854710
2003,10 - 14,FEMALE,10332228
2003,15 - 19,MALE,10643338
2003,15 - 19,FEMALE,9990124
2003,20 - 24,MALE,10615373
2003,20 - 24,FEMALE,10091929
2003,25 - 29,MALE,9614496
2003,25 - 29,FEMALE,9330581
2003,30 - 34,MALE,10342291
2003,30 - 34,FEMALE,10191536
2003,35 - 39,MALE,10625897
2003,35 - 39,FEMALE,10629183
2003,40 - 44,MALE,11342231
2003,40 - 44,FEMALE,11529094
2003,45 - 49,MALE,10685380
2003,45 - 49,FEMALE,10999918
2003,50 - 54,MALE,9281863
2003,50 - 54,FEMALE,9707954
2003,55 - 59,MALE,7619862
2003,55 - 59,FEMALE,8088064
2003,60 - 64,MALE,5773436
2003,60 - 64,FEMALE,6337038
2003,65 - 69,MALE,4536916
2003,65 - 69,FEMALE,5215278
2003,70 - 74,MALE,3862351
2003,70 - 74,FEMALE,4780049
2003,75 - 79,MALE,3141503
2003,75 - 79,FEMALE,4373562
2003,80 - 84,MALE,2072530
2003,80 - 84,FEMALE,3364375
2003,85 AND OVER,MALE,1367759
2003,85 AND OVER,FEMALE,3186480
2003,UNDER 10,MALE,20313138
2003,UNDER 10,FEMALE,19401560
2004,10 - 14,MALE,10813838
2004,10 - 14,FEMALE,10293471
2004,15 - 19,MALE,10769486
2004,15 - 19,FEMALE,10112498
2004,20 - 24,MALE,10811034
2004,20 - 24,FEMALE,10187487
2004,25 - 29,MALE,9827724
2004,25 - 29,FEMALE,9509459
2004,30 - 34,MALE,10198756
2004,30 - 34,FEMALE,10032648
2004,35 - 39,MALE,10449215
2004,35 - 39,FEMALE,10410179
2004,40 - 44,MALE,11360492
2004,40 - 44,FEMALE,11537070
2004,45 - 49,MALE,10852919
2004,45 - 49,FEMALE,11159553
2004,50 - 54,MALE,9490584
2004,50 - 54,FEMALE,9929619
2004,55 - 59,MALE,7987819
2004,55 - 59,FEMALE,8473243
2004,60 - 64,MALE,6000706
2004,60 - 64,FEMALE,6581841
2004,65 - 69,MALE,4649128
2004,65 - 69,FEMALE,5318820
2004,70 - 74,MALE,3836900
2004,70 - 74,FEMALE,4721262
2004,75 - 79,MALE,3152661
2004,75 - 79,FEMALE,4331371
2004,80 - 84,MALE,2139407
2004,80 - 84,FEMALE,3439445
2004,85 AND OVER,MALE,1419915
2004,85 AND OVER,FEMALE,3243681
2004,UNDER 10,MALE,20401182
2004,UNDER 10,FEMALE,19492696
2005,10 - 14,MALE,10671253
2005,10 - 14,FEMALE,10159655
2005,15 - 19,MALE,10934779
2005,15 - 19,FEMALE,10267886
2005,20 - 24,MALE,10929967
2005,20 - 24,FEMALE,10216003
2005,25 - 29,MALE,10074144
2005,25 - 29,FEMALE,9749089
2005,30 - 34,MALE,9985338
2005,30 - 34,FEMALE,9819922
2005,35 - 39,MALE,10420329
2005,35 - 39,FEMALE,10355090
2005,40 - 44,MALE,11247719
2005,40 - 44,FEMALE,11418854
2005,45 - 49,MALE,11024604
2005,45 - 49,FEMALE,11323725
2005,50 - 54,MALE,9727945
2005,50 - 54,FEMALE,10168115
2005,55 - 59,MALE,8403174
2005,55 - 59,FEMALE,8909182
2005,60 - 64,MALE,6201789
2005,60 - 64,FEMALE,6788405
2005,65 - 69,MALE,4740874
2005,65 - 69,FEMALE,5404179
2005,70 - 74,MALE,3852578
2005,70 - 74,FEMALE,4706000
2005,75 - 79,MALE,3180064
2005,75 - 79,FEMALE,4312145
2005,80 - 84,MALE,2192190
2005,80 - 84,FEMALE,3481379
2005,85 AND OVER,MALE,1496978
2005,85 AND OVER,FEMALE,3345217
2005,UNDER 10,MALE,20508556
2005,UNDER 10,FEMALE,19601327
2006,10 - 14,MALE,10538484
2006,10 - 14,FEMALE,10033968
2006,15 - 19,MALE,11065856
2006,15 - 19,FEMALE,10391196
2006,20 - 24,MALE,11026040
2006,20 - 24,FEMALE,10226691
2006,25 - 29,MALE,10404276
2006,25 - 29,FEMALE,10059306
2006,30 - 34,MALE,9787125
2006,30 - 34,FEMALE,9589859
2006,35 - 39,MALE,10490781
2006,35 - 39,FEMALE,10417969
2006,40 - 44,MALE,11054924
2006,40 - 44,FEMALE,11192043
2006,45 - 49,MALE,11164871
2006,45 - 49,FEMALE,11462633
2006,50 - 54,MALE,9949969
2006,50 - 54,FEMALE,10395011
2006,55 - 59,MALE,8809627
2006,55 - 59,FEMALE,9349351
2006,60 - 64,MALE,6380396
2006,60 - 64,FEMALE,6969396
2006,65 - 69,MALE,4860478
2006,65 - 69,FEMALE,5529070
2006,70 - 74,MALE,3882067
2006,70 - 74,FEMALE,4713200
2006,75 - 79,MALE,3196228
2006,75 - 79,FEMALE,4284132
2006,80 - 84,MALE,2227477
2006,80 - 84,FEMALE,3495590
2006,85 AND OVER,MALE,1585524
2006,85 AND OVER,FEMALE,3461705
2006,UNDER 10,MALE,20673439
2006,UNDER 10,FEMALE,19763089
2007,10 - 14,MALE,10403854
2007,10 - 14,FEMALE,9907893
2007,15 - 19,MALE,11168769
2007,15 - 19,FEMALE,10489454
2007,20 - 24,MALE,11077228
2007,20 - 24,FEMALE,10257394
2007,25 - 29,MALE,10684897
2007,25 - 29,FEMALE,10287568
2007,30 - 34,MALE,9746569
2007,30 - 34,FEMALE,9535156
2007,35 - 39,MALE,10511602
2007,35 - 39,FEMALE,10421008
2007,40 - 44,MALE,10825797
2007,40 - 44,FEMALE,10947469
2007,45 - 49,MALE,11207915
2007,45 - 49,FEMALE,11494747
2007,50 - 54,MALE,10213705
2007,50 - 54,FEMALE,10667800
2007,55 - 59,MALE,8816436
2007,55 - 59,FEMALE,9368519
2007,60 - 64,MALE,6928401
2007,60 - 64,FEMALE,7536266
2007,65 - 69,MALE,5047518
2007,65 - 69,FEMALE,5730958
2007,70 - 74,MALE,3928559
2007,70 - 74,FEMALE,4740109
2007,75 - 79,MALE,3198291
2007,75 - 79,FEMALE,4245336
2007,80 - 84,MALE,2269383
2007,80 - 84,FEMALE,3508469
2007,85 AND OVER,MALE,1676619
2007,85 AND OVER,FEMALE,3580334
2007,UNDER 10,MALE,20947681
2007,UNDER 10,FEMALE,20021928
2008,10 - 14,MALE,10289388
2008,10 - 14,FEMALE,9805019
2008,15 - 19,MALE,11209757
2008,15 - 19,FEMALE,10519454
2008,20 - 24,MALE,11143302
2008,20 - 24,FEMALE,10318146
2008,25 - 29,MALE,10940219
2008,25 - 29,FEMALE,10461459
2008,30 - 34,MALE,9832435
2008,30 - 34,FEMALE,9596620
2008,35 - 39,MALE,10435423
2008,35 - 39,FEMALE,10338821
2008,40 - 44,MALE,10605864
2008,40 - 44,FEMALE,10693647
2008,45 - 49,MALE,11204120
2008,45 - 49,FEMALE,11497648
2008,50 - 54,MALE,10445053
2008,50 - 54,FEMALE,10888206
2008,55 - 59,MALE,8962717
2008,55 - 59,FEMALE,9536603
2008,60 - 64,MALE,7234140
2008,60 - 64,FEMALE,7853281
2008,65 - 69,MALE,5328703
2008,65 - 69,FEMALE,6034386
2008,70 - 74,MALE,4020440
2008,70 - 74,FEMALE,4819302
2008,75 - 79,MALE,3193538
2008,75 - 79,FEMALE,4201502
2008,80 - 84,MALE,2311683
2008,80 - 84,FEMALE,3522515
2008,85 AND OVER,MALE,1763460
2008,85 AND OVER,FEMALE,3687191
2008,UNDER 10,MALE,21206722
2008,UNDER 10,FEMALE,20276637
2009,10 - 14,MALE,10216274
2009,10 - 14,FEMALE,9739826
2009,15 - 19,MALE,11161603
2009,15 - 19,FEMALE,10471391
2009,20 - 24,MALE,11257508
2009,20 - 24,FEMALE,10424771
2009,25 - 29,MALE,11095781
2009,25 - 29,FEMALE,10540419
2009,30 - 34,MALE,10013447
2009,30 - 34,FEMALE,9763427
2009,35 - 39,MALE,10271690
2009,35 - 39,FEMALE,10171364
2009,40 - 44,MALE,10412286
2009,40 - 44,FEMALE,10469080
2009,45 - 49,MALE,11210791
2009,45 - 49,FEMALE,11500138
2009,50 - 54,MALE,10603676
2009,50 - 54,FEMALE,11040421
2009,55 - 59,MALE,9160469
2009,55 - 59,FEMALE,9751191
2009,60 - 64,MALE,7587670
2009,60 - 64,FEMALE,8229568
2009,65 - 69,MALE,5545014
2009,65 - 69,FEMALE,6272443
2009,70 - 74,MALE,4131610
2009,70 - 74,FEMALE,4921848
2009,75 - 79,MALE,3188028
2009,75 - 79,FEMALE,4160623
2009,80 - 84,MALE,2339288
2009,80 - 84,FEMALE,3504857
2009,85 AND OVER,MALE,1854032
2009,85 AND OVER,FEMALE,3805927
2009,UNDER 10,MALE,21387118
2009,UNDER 10,FEMALE,20452711
2010,10 - 14,FEMALE,10102606
2010,10 - 14,MALE,10578418
2010,15 - 19,FEMALE,10703592
2010,15 - 19,MALE,11278277
2010,20 - 24,FEMALE,10629837
2010,20 - 24,MALE,11072609
2010,25 - 29,FEMALE,10482598
2010,25 - 29,MALE,10661205
2010,30 - 34,FEMALE,10016967
2010,30 - 34,MALE,10051384
2010,35 - 39,FEMALE,10085491
2010,35 - 39,MALE,9991882
2010,40 - 44,FEMALE,10503933
2010,40 - 44,MALE,10399350
2010,45 - 49,FEMALE,11459930
2010,45 - 49,MALE,11175026
2010,50 - 54,FEMALE,11392209
2010,50 - 54,MALE,10959292
2010,55 - 59,FEMALE,10206705
2010,55 - 59,MALE,9587040
2010,60 - 64,FEMALE,8831161
2010,60 - 64,MALE,8157983
2010,65 - 69,FEMALE,6625772
2010,65 - 69,MALE,5894820
2010,70 - 74,FEMALE,5062734
2010,70 - 74,MALE,4273105
2010,75 - 79,FEMALE,4133095
2010,75 - 79,MALE,3186734
2010,80 - 84,FEMALE,3452130
2010,80 - 84,MALE,2306343
2010,85 AND OVER,FEMALE,3733139
2010,85 AND OVER,MALE,1810377
2010,UNDER 10,FEMALE,19827766
2010,UNDER 10,MALE,20693633
2011,10 - 14,FEMALE,10127110
2011,10 - 14,MALE,10587916
2011,15 - 19,FEMALE,10540730
2011,15 - 19,MALE,11121013
2011,20 - 24,FEMALE,10858603
2011,20 - 24,MALE,11306266
2011,25 - 29,FEMALE,10538326
2011,25 - 29,MALE,10746888
2011,30 - 34,FEMALE,10241721
2011,30 - 34,MALE,10274014
2011,35 - 39,FEMALE,9843250
2011,35 - 39,MALE,9755172
2011,40 - 44,FEMALE,10577594
2011,40 - 44,MALE,10457765
2011,45 - 49,FEMALE,11211705
2011,45 - 49,MALE,10950307
2011,50 - 54,FEMALE,11498174
2011,50 - 54,MALE,11065703
2011,55 - 59,FEMALE,10442727
2011,55 - 59,MALE,9813835
2011,60 - 64,FEMALE,9269182
2011,60 - 64,MALE,8542889
2011,65 - 69,FEMALE,6805394
2011,65 - 69,MALE,6073218
2011,70 - 74,FEMALE,5204517
2011,70 - 74,MALE,4403446
2011,75 - 79,FEMALE,4156288
2011,75 - 79,MALE,3232789
2011,80 - 84,FEMALE,3443304
2011,80 - 84,MALE,2334476
2011,85 AND OVER,FEMALE,3814403
2011,85 AND OVER,MALE,1883056
2011,UNDER 10,FEMALE,19797473
2011,UNDER 10,MALE,20664227
2012,10 - 14,FEMALE,10111589
2012,10 - 14,MALE,10562254
2012,15 - 19,FEMALE,10411033
2012,15 - 19,MALE,10962987
2012,20 - 24,FEMALE,11048703
2012,20 - 24,MALE,11547696
2012,25 - 29,FEMALE,10567537
2012,25 - 29,MALE,10825742
2012,30 - 34,FEMALE,10430149
2012,30 - 34,MALE,10480606
2012,35 - 39,FEMALE,9785513
2012,35 - 39,MALE,9704768
2012,40 - 44,FEMALE,10572858
2012,40 - 44,MALE,10448571
2012,45 - 49,FEMALE,10964652
2012,45 - 49,MALE,10719658
2012,50 - 54,FEMALE,11498699
2012,50 - 54,MALE,11072956
2012,55 - 59,FEMALE,10702819
2012,55 - 59,MALE,10063422
2012,60 - 64,FEMALE,9278588
2012,60 - 64,MALE,8531036
2012,65 - 69,FEMALE,7372870
2012,65 - 69,MALE,6607248
2012,70 - 74,FEMALE,5414881
2012,70 - 74,MALE,4598264
2012,75 - 79,FEMALE,4200910
2012,75 - 79,MALE,3293616
2012,80 - 84,FEMALE,3425248
2012,80 - 84,MALE,2354010
2012,85 AND OVER,FEMALE,3902430
2012,85 AND OVER,MALE,1962734
2012,UNDER 10,FEMALE,19792156
2012,UNDER 10,MALE,20661459
2013,10 - 14,FEMALE,10109744
2013,10 - 14,MALE,10547243
2013,15 - 19,FEMALE,10332561
2013,15 - 19,MALE,10850915
2013,20 - 24,FEMALE,11139145
2013,20 - 24,MALE,11687700
2013,25 - 29,FEMALE,10642006
2013,25 - 29,MALE,10940347
2013,30 - 34,FEMALE,10603284
2013,30 - 34,MALE,10668769
2013,35 - 39,FEMALE,9832348
2013,35 - 39,MALE,9772347
2013,40 - 44,FEMALE,10493518
2013,40 - 44,MALE,10347955
2013,45 - 49,FEMALE,10711713
2013,45 - 49,MALE,10491199
2013,50 - 54,FEMALE,11485360
2013,50 - 54,MALE,11060993
2013,55 - 59,FEMALE,10904047
2013,55 - 59,MALE,10268546
2013,60 - 64,FEMALE,9444556
2013,60 - 64,MALE,8662539
2013,65 - 69,FEMALE,7690162
2013,65 - 69,MALE,6901813
2013,70 - 74,FEMALE,5723763
2013,70 - 74,MALE,4878749
2013,75 - 79,FEMALE,4291752
2013,75 - 79,MALE,3390044
2013,80 - 84,FEMALE,3397838
2013,80 - 84,MALE,2364502
2013,85 AND OVER,FEMALE,3964645
2013,85 AND OVER,MALE,2029069
2013,UNDER 10,FEMALE,19779451
2013,UNDER 10,MALE,20651324
2014,10 - 14,FEMALE,10122728
2014,10 - 14,MALE,10551032
2014,15 - 19,FEMALE,10282180
2014,15 - 19,MALE,10778182
2014,20 - 24,FEMALE,11157116
2014,20 - 24,MALE,11734876
2014,25 - 29,FEMALE,10814504
2014,25 - 29,MALE,11154019
2014,30 - 34,FEMALE,10711000
2014,30 - 34,MALE,10796288
2014,35 - 39,FEMALE,9959734
2014,35 - 39,MALE,9913940
2014,40 - 44,FEMALE,10342116
2014,40 - 44,MALE,10187508
2014,45 - 49,FEMALE,10509217
2014,45 - 49,MALE,10310760
2014,50 - 54,FEMALE,11464466
2014,50 - 54,MALE,11045022
2014,55 - 59,FEMALE,11042238
2014,55 - 59,MALE,10416082
2014,60 - 64,FEMALE,9672090
2014,60 - 64,MALE,8855150
2014,65 - 69,FEMALE,8062323
2014,65 - 69,MALE,7234673
2014,70 - 74,FEMALE,5967007
2014,70 - 74,MALE,5091435
2014,75 - 79,FEMALE,4408952
2014,75 - 79,MALE,3507421
2014,80 - 84,FEMALE,3379011
2014,80 - 84,MALE,2376937
2014,85 AND OVER,FEMALE,4033776
2014,85 AND OVER,MALE,2099470
2014,UNDER 10,FEMALE,19762061
2014,UNDER 10,MALE,20643015
2015,10 - 14,FEMALE,10097361
2015,10 - 14,MALE,10517252
2015,15 - 19,FEMALE,10303239
2015,15 - 19,MALE,10787033
2015,20 - 24,FEMALE,11043025
2015,20 - 24,MALE,11646473
2015,25 - 29,FEMALE,11029349
2015,25 - 29,MALE,11402007
2015,30 - 34,FEMALE,10765946
2015,30 - 34,MALE,10875937
2015,35 - 39,FEMALE,10166224
2015,35 - 39,MALE,10142245
2015,40 - 44,FEMALE,10142266
2015,40 - 44,MALE,9989891
2015,45 - 49,FEMALE,10473254
2015,45 - 49,MALE,10288356
2015,50 - 54,FEMALE,11329624
2015,50 - 54,MALE,10921871
2015,55 - 59,FEMALE,11173781
2015,55 - 59,MALE,10559735
2015,60 - 64,FEMALE,9926854
2015,60 - 64,MALE,9085876
2015,65 - 69,FEMALE,8454324
2015,65 - 69,MALE,7576768
2015,70 - 74,FEMALE,6175400
2015,70 - 74,MALE,5281726
2015,75 - 79,FEMALE,4507381
2015,75 - 79,MALE,3603446
2015,80 - 84,FEMALE,3386269
2015,80 - 84,MALE,2407460
2015,85 AND OVER,FEMALE,4093329
2015,85 AND OVER,MALE,2169767
2015,UNDER 10,FEMALE,19764525
2015,UNDER 10,MALE,20651000
2016,10 - 14,FEMALE,10104766
2016,10 - 14,MALE,10529234
2016,15 - 19,FEMALE,10335334
2016,15 - 19,MALE,10804809
2016,20 - 24,FEMALE,10880883
2016,20 - 24,MALE,11486770
2016,25 - 29,FEMALE,11271329
2016,25 - 29,MALE,11668343
2016,30 - 34,FEMALE,10837503
2016,30 - 34,MALE,10997952
2016,35 - 39,FEMALE,10399494
2016,35 - 39,MALE,10385679
2016,40 - 44,FEMALE,9910118
2016,40 - 44,MALE,9768609
2016,45 - 49,FEMALE,10550885
2016,45 - 49,MALE,10356168
2016,50 - 54,FEMALE,11087512
2016,50 - 54,MALE,10708723
2016,55 - 59,FEMALE,11276769
2016,55 - 59,MALE,10663988
2016,60 - 64,FEMALE,10153415
2016,60 - 64,MALE,9297699
2016,65 - 69,FEMALE,8874413
2016,65 - 69,MALE,7927580
2016,70 - 74,FEMALE,6347009
2016,70 - 74,MALE,5444125
2016,75 - 79,FEMALE,4642235
2016,75 - 79,MALE,3721492
2016,80 - 84,FEMALE,3415481
2016,80 - 84,MALE,2453136
2016,85 AND OVER,FEMALE,4148383
2016,85 AND OVER,MALE,2234625
2016,UNDER 10,FEMALE,19750533
2016,UNDER 10,MALE,20636761
2017,10 - 14,FEMALE,10174304
2017,10 - 14,MALE,10609152
2017,15 - 19,FEMALE,10322453
2017,15 - 19,MALE,10783133
2017,20 - 24,FEMALE,10747498
2017,20 - 24,MALE,11314113
2017,25 - 29,FEMALE,11463708
2017,25 - 29,MALE,11897087
2017,30 - 34,FEMALE,10877130
2017,30 - 34,MALE,11081933
2017,35 - 39,FEMALE,10594335
2017,35 - 39,MALE,10596983
2017,40 - 44,FEMALE,9857600
2017,40 - 44,MALE,9718987
2017,45 - 49,FEMALE,10547318
2017,45 - 49,MALE,10349982
2017,50 - 54,FEMALE,10844299
2017,50 - 54,MALE,10485450
2017,55 - 59,FEMALE,11274831
2017,55 - 59,MALE,10670828
2017,60 - 64,FEMALE,10398926
2017,60 - 64,MALE,9529117
2017,65 - 69,FEMALE,8884407
2017,65 - 69,MALE,7909189
2017,70 - 74,FEMALE,6881542
2017,70 - 74,MALE,5931096
2017,75 - 79,FEMALE,4833186
2017,75 - 79,MALE,3889506
2017,80 - 84,FEMALE,3455501
2017,80 - 84,MALE,2504286
2017,85 AND OVER,FEMALE,4181647
2017,85 AND OVER,MALE,2287279
2017,UNDER 10,FEMALE,19669998
2017,UNDER 10,MALE,20555324
2018,10 - 14,FEMALE,10223894
2018,10 - 14,MALE,10663948
2018,15 - 19,FEMALE,10314076
2018,15 - 19,MALE,10762990
2018,20 - 24,FEMALE,10652877
2018,20 - 24,MALE,11172233
2018,25 - 29,FEMALE,11535821
2018,25 - 29,MALE,12011397
2018,30 - 34,FEMALE,10945565
2018,30 - 34,MALE,11186277
2018,35 - 39,FEMALE,10767228
2018,35 - 39,MALE,10781732
2018,40 - 44,FEMALE,9901383
2018,40 - 44,MALE,9781751
2018,45 - 49,FEMALE,10466104
2018,45 - 49,MALE,10249333
2018,50 - 54,FEMALE,10593345
2018,50 - 54,MALE,10262878
2018,55 - 59,FEMALE,11257833
2018,55 - 59,MALE,10658259
2018,60 - 64,FEMALE,10585539
2018,60 - 64,MALE,9717646
2018,65 - 69,FEMALE,9041390
2018,65 - 69,MALE,8022909
2018,70 - 74,FEMALE,7180687
2018,70 - 74,MALE,6200020
2018,75 - 79,FEMALE,5115395
2018,75 - 79,MALE,4134784
2018,80 - 84,FEMALE,3536898
2018,80 - 84,MALE,2584496
2018,85 AND OVER,FEMALE,4205508
2018,85 AND OVER,MALE,2332518
2018,UNDER 10,FEMALE,19554143
2018,UNDER 10,MALE,20437342
2019,10 - 14,FEMALE,10190891
2019,10 - 14,MALE,10629162
2019,15 - 19,FEMALE,10313575
2019,15 - 19,MALE,10752848
2019,20 - 24,FEMALE,10577124
2019,20 - 24,MALE,11066850
2019,25 - 29,FEMALE,11518714
2019,25 - 29,MALE,12020738
2019,30 - 34,FEMALE,11093732
2019,30 - 34,MALE,11370500
2019,35 - 39,FEMALE,10861340
2019,35 - 39,MALE,10892543
2019,40 - 44,FEMALE,10014341
2019,40 - 44,MALE,9906220
2019,45 - 49,FEMALE,10307804
2019,45 - 49,MALE,10082635
2019,50 - 54,FEMALE,10387588
2019,50 - 54,MALE,10082296
2019,55 - 59,FEMALE,11232044
2019,55 - 59,MALE,10639047
2019,60 - 64,FEMALE,10708826
2019,60 - 64,MALE,9851308
2019,65 - 69,FEMALE,9252566
2019,65 - 69,MALE,8191801
2019,70 - 74,FEMALE,7527818
2019,70 - 74,MALE,6499159
2019,75 - 79,FEMALE,5333117
2019,75 - 79,MALE,4317707
2019,80 - 84,FEMALE,3636357
2019,80 - 84,MALE,2678743
2019,85 AND OVER,FEMALE,4225260
2019,85 AND OVER,MALE,2374207
2019,UNDER 10,FEMALE,19456520
2019,UNDER 10,MALE,20336572
2020,10 - 14,FEMALE,10452299
2020,10 - 14,MALE,10976324
2020,15 - 19,FEMALE,10724511
2020,15 - 19,MALE,11208282
2020,20 - 24,FEMALE,10750649
2020,20 - 24,MALE,11332302
2020,25 - 29,FEMALE,11131684
2020,25 - 29,MALE,11632482
2020,30 - 34,FEMALE,11197930
2020,30 - 34,MALE,11590600
2020,35 - 39,FEMALE,10902698
2020,35 - 39,MALE,11230551
2020,40 - 44,FEMALE,10213370
2020,40 - 44,MALE,10391462
2020,45 - 49,FEMALE,10080366
2020,45 - 49,MALE,10195885
2020,50 - 54,FEMALE,10328355
2020,50 - 54,MALE,10388129
2020,55 - 59,FEMALE,11079076
2020,55 - 59,MALE,10829680
2020,60 - 64,FEMALE,10711492
2020,60 - 64,MALE,10175162
2020,65 - 69,FEMALE,9369954
2020,65 - 69,MALE,8499689
2020,70 - 74,FEMALE,7728903
2020,70 - 74,MALE,6773062
2020,75 - 79,FEMALE,5323993
2020,75 - 79,MALE,4358956
2020,80 - 84,FEMALE,3627793
2020,80 - 84,MALE,2660991
2020,85 AND OVER,FEMALE,4232999
2020,85 AND OVER,MALE,2250183
2020,UNDER 10,FEMALE,19130331
2020,UNDER 10,MALE,20031369
2021,10 - 14,FEMALE,10335010
2021,10 - 14,MALE,10861498
2021,15 - 19,FEMALE,10538116
2021,15 - 19,MALE,11033181
2021,20 - 24,FEMALE,10973412
2021,20 - 24,MALE,11516456
2021,25 - 29,FEMALE,10939696
2021,25 - 29,MALE,11454496
2021,30 - 34,FEMALE,11330307
2021,30 - 34,MALE,11704682
2021,35 - 39,FEMALE,10935930
2021,35 - 39,MALE,11271073
2021,40 - 44,FEMALE,10422644
2021,40 - 44,MALE,10615598
2021,45 - 49,FEMALE,9831220
2021,45 - 49,MALE,9916670
2021,50 - 54,FEMALE,10388460
2021,50 - 54,MALE,10459021
2021,55 - 59,FEMALE,10846418
2021,55 - 59,MALE,10613455
2021,60 - 64,FEMALE,10805023
2021,60 - 64,MALE,10278133
2021,65 - 69,FEMALE,9559633
2021,65 - 69,MALE,8679296
2021,70 - 74,FEMALE,8110437
2021,70 - 74,MALE,7073307
2021,75 - 79,FEMALE,5454413
2021,75 - 79,MALE,4462651
2021,80 - 84,FEMALE,3703292
2021,80 - 84,MALE,2718960
2021,85 AND OVER,FEMALE,4206709
2021,85 AND OVER,MALE,2260428
2021,UNDER 10,FEMALE,18927839
2021,UNDER 10,MALE,19804090
2022,10 - 14,FEMALE,10187986
2022,10 - 14,MALE,10701853
2022,15 - 19,FEMALE,10553749
2022,15 - 19,MALE,11082043
2022,20 - 24,FEMALE,11103791
2022,20 - 24,MALE,11601988
2022,25 - 29,FEMALE,10840422
2022,25 - 29,MALE,11352742
2022,30 - 34,FEMALE,11471316
2022,30 - 34,MALE,11836820
2022,35 - 39,FEMALE,10965649
2022,35 - 39,MALE,11302300
2022,40 - 44,FEMALE,10609527
2022,40 - 44,MALE,10817889
2022,45 - 49,FEMALE,9779109
2022,45 - 49,MALE,9844989
2022,50 - 54,FEMALE,10372906
2022,50 - 54,MALE,10434641
2022,55 - 59,FEMALE,10593091
2022,55 - 59,MALE,10373923
2022,60 - 64,FEMALE,10820443
2022,60 - 64,MALE,10297980
2022,65 - 69,FEMALE,9757521
2022,65 - 69,MALE,8873901
2022,70 - 74,FEMALE,8120246
2022,70 - 74,MALE,7036771
2022,75 - 79,FEMALE,5951314
2022,75 - 79,MALE,4909686
2022,80 - 84,FEMALE,3834386
2022,80 - 84,MALE,2825159
2022,85 AND OVER,FEMALE,4202041
2022,85 AND OVER,MALE,2283827
2022,UNDER 10,FEMALE,18840507
2022,UNDER 10,MALE,19707041
