;;;;;
Year-Mon;Date;Date;Date;Date;Date
;Claims;Claims;Claims;Claims;Claims
67-Jan;1/7;1/14;1/21;1/28;
67-Jan;208000;207000;217000;204000;
67-Feb;2/4;2/11;2/18;2/25;
67-Feb;216000;229000;229000;242000;
67-Mar;3/4;3/11;3/18;3/25;
67-Mar;310000;241000;245000;247000;
67-Apr;4/1;4/8;4/15;4/22;4/29
67-Apr;259000;257000;299000;245000;255000
67-May;5/6;5/13;5/20;5/27;
67-May;254000;231000;230000;228000;
67-Jun;6/3;6/10;6/17;6/24;
67-Jun;248000;238000;224000;218000;
67-Jul;7/1;7/8;7/15;7/22;7/29
67-Jul;209000;240000;241000;240000;209000
67-Aug;8/5;8/12;8/19;8/26;
67-Aug;221000;202000;215000;213000;
67-Sep;9/2;9/9;9/16;9/23;9/30
67-Sep;218000;231000;220000;209000;204000
67-Oct;10/7;10/14;10/21;10/28;
67-Oct;231000;206000;223000;207000;
67-Nov;11/4;11/11;11/18;11/25;
67-Nov;222000;214000;198000;191000;
67-Dec;12/2;12/9;12/16;12/23;12/30
67-Dec;196000;221000;204000;219000;216000
68-Jan;1/6;1/13;1/20;1/27;
68-Jan;222000;222000;221000;198000;
68-Feb;2/3;2/10;2/17;2/24;
68-Feb;244000;210000;196000;193000;
68-Mar;3/2;3/9;3/16;3/23;3/30
68-Mar;190000;204000;190000;200000;192000
68-Apr;4/6;4/13;4/20;4/27;
68-Apr;191000;171000;183000;251000;
68-May;5/4;5/11;5/18;5/25;
68-May;209000;194000;199000;194000;
68-Jun;6/1;6/8;6/15;6/22;6/29
68-Jun;199000;192000;194000;189000;194000
68-Jul;7/6;7/13;7/20;7/27;
68-Jul;214000;186000;180000;205000;
68-Aug;8/3;8/10;8/17;8/24;8/31
68-Aug;206000;218000;192000;193000;188000
68-Sep;9/7;9/14;9/21;9/28;
68-Sep;189000;195000;191000;189000;
68-Oct;10/5;10/12;10/19;10/26;
68-Oct;185000;186000;191000;182000;
68-Nov;11/2;11/9;11/16;11/23;11/30
68-Nov;181000;183000;192000;199000;162000
68-Dec;12/7;12/14;12/21;12/28;
68-Dec;188000;195000;192000;223000;
69-Jan;1/4;1/11;1/18;1/25;
69-Jan;190000;191000;192000;193000;
69-Feb;2/1;2/8;2/15;2/22;
69-Feb;203000;197000;192000;192000;
69-Mar;3/1;3/8;3/15;3/22;3/29
69-Mar;201000;191000;189000;181000;183000
69-Apr;4/5;4/12;4/19;4/26;
69-Apr;182000;190000;187000;177000;
69-May;5/3;5/10;5/17;5/24;5/31
69-May;177000;183000;179000;180000;187000
69-Jun;6/7;6/14;6/21;6/28;
69-Jun;192000;182000;191000;203000;
69-Jul;7/5;7/12;7/19;7/26;
69-Jul;227000;210000;206000;192000;
69-Aug;8/2;8/9;8/16;8/23;8/30
69-Aug;196000;203000;199000;199000;195000
69-Sep;9/6;9/13;9/20;9/27;
69-Sep;182000;209000;195000;193000;
69-Oct;10/4;10/11;10/18;10/25;
69-Oct;193000;200000;199000;205000;
69-Nov;11/1;11/8;11/15;11/22;11/29
69-Nov;198000;211000;197000;217000;202000
69-Dec;12/6;12/13;12/20;12/27;
69-Dec;202000;222000;232000;223000;
70-Jan;1/3;1/10;1/17;1/24;1/31
70-Jan;230000;242000;268000;256000;239000
70-Feb;2/7;2/14;2/21;2/28;
70-Feb;256000;265000;271000;242000;
70-Mar;3/7;3/14;3/21;3/28;
70-Mar;262000;271000;264000;276000;
70-Apr;4/4;4/11;4/18;4/25;
70-Apr;273000;305000;374000;349000;
70-May;5/2;5/9;5/16;5/23;5/30
70-May;334000;318000;303000;296000;301000
70-Jun;6/6;6/13;6/20;6/27;
70-Jun;301000;298000;296000;291000;
70-Jul;7/4;7/11;7/18;7/25;
70-Jul;277000;288000;294000;287000;
70-Aug;8/1;8/8;8/15;8/22;8/29
70-Aug;261000;266000;300000;303000;297000
70-Sep;9/5;9/12;9/19;9/26;
70-Sep;324000;292000;325000;333000;
70-Oct;10/3;10/10;10/17;10/24;10/31
70-Oct;350000;327000;334000;330000;327000
70-Nov;11/7;11/14;11/21;11/28;
70-Nov;336000;314000;314000;337000;
70-Dec;12/5;12/12;12/19;12/26;
70-Dec;308000;306000;289000;321000;
71-Jan;1/2;1/9;1/16;1/23;1/30
71-Jan;303000;288000;299000;312000;292000
71-Feb;2/6;2/13;2/20;2/27;
71-Feb;296000;282000;268000;290000;
71-Mar;3/6;3/13;3/20;3/27;
71-Mar;297000;287000;291000;300000;
71-Apr;4/3;4/10;4/17;4/24;
71-Apr;299000;279000;284000;288000;
71-May;5/1;5/8;5/15;5/22;5/29
71-May;290000;293000;284000;295000;299000
71-Jun;6/5;6/12;6/19;6/26;
71-Jun;301000;295000;299000;291000;
71-Jul;7/3;7/10;7/17;7/24;7/31
71-Jul;277000;264000;313000;304000;308000
71-Aug;8/7;8/14;8/21;8/28;
71-Aug;349000;325000;320000;307000;
71-Sep;9/4;9/11;9/18;9/25;
71-Sep;359000;312000;302000;308000;
71-Oct;10/2;10/9;10/16;10/23;10/30
71-Oct;299000;313000;299000;294000;283000
71-Nov;11/6;11/13;11/20;11/27;
71-Nov;301000;295000;274000;278000;
71-Dec;12/4;12/11;12/18;12/25;
71-Dec;299000;280000;269000;244000;
72-Jan;1/1;1/8;1/15;1/22;1/29
72-Jan;279000;295000;250000;263000;269000
72-Feb;2/5;2/12;2/19;2/26;
72-Feb;276000;266000;258000;254000;
72-Mar;3/4;3/11;3/18;3/25;
72-Mar;257000;264000;266000;264000;
72-Apr;4/1;4/8;4/15;4/22;4/29
72-Apr;258000;274000;259000;259000;265000
72-May;5/6;5/13;5/20;5/27;
72-May;271000;266000;267000;267000;
72-Jun;6/3;6/10;6/17;6/24;
72-Jun;264000;268000;275000;286000;
72-Jul;7/1;7/8;7/15;7/22;7/29
72-Jul;350000;297000;318000;276000;247000
72-Aug;8/5;8/12;8/19;8/26;
72-Aug;250000;246000;256000;262000;
72-Sep;9/2;9/9;9/16;9/23;9/30
72-Sep;258000;259000;258000;255000;251000
72-Oct;10/7;10/14;10/21;10/28;
72-Oct;263000;250000;257000;234000;
72-Nov;11/4;11/11;11/18;11/25;
72-Nov;255000;242000;271000;235000;
72-Dec;12/2;12/9;12/16;12/23;12/30
72-Dec;226000;252000;263000;246000;225000
73-Jan;1/6;1/13;1/20;1/27;
73-Jan;226000;245000;229000;214000;
73-Feb;2/3;2/10;2/17;2/24;
73-Feb;228000;226000;216000;218000;
73-Mar;3/3;3/10;3/17;3/24;3/31
73-Mar;225000;229000;228000;232000;222000
73-Apr;4/7;4/14;4/21;4/28;
73-Apr;247000;230000;243000;236000;
73-May;5/5;5/12;5/19;5/26;
73-May;248000;238000;237000;238000;
73-Jun;6/2;6/9;6/16;6/23;6/30
73-Jun;232000;246000;237000;242000;237000
73-Jul;7/7;7/14;7/21;7/28;
73-Jul;248000;232000;241000;250000;
73-Aug;8/4;8/11;8/18;8/25;
73-Aug;256000;265000;258000;254000;
73-Sep;9/1;9/8;9/15;9/22;9/29
73-Sep;242000;252000;245000;246000;249000
73-Oct;10/6;10/13;10/20;10/27;
73-Oct;236000;246000;249000;235000;
73-Nov;11/3;11/10;11/17;11/24;
73-Nov;246000;282000;254000;233000;
73-Dec;12/1;12/8;12/15;12/22;12/29
73-Dec;256000;266000;272000;326000;300000
74-Jan;1/5;1/12;1/19;1/26;
74-Jan;269000;340000;321000;291000;
74-Feb;2/2;2/9;2/16;2/23;
74-Feb;302000;369000;311000;292000;
74-Mar;3/2;3/9;3/16;3/23;3/30
74-Mar;301000;305000;315000;314000;323000
74-Apr;4/6;4/13;4/20;4/27;
74-Apr;296000;297000;296000;283000;
74-May;5/4;5/11;5/18;5/25;
74-May;287000;296000;298000;309000;
74-Jun;6/1;6/8;6/15;6/22;6/29
74-Jun;278000;314000;303000;308000;325000
74-Jul;7/6;7/13;7/20;7/27;
74-Jul;311000;304000;303000;320000;
74-Aug;8/3;8/10;8/17;8/24;8/31
74-Aug;335000;347000;332000;343000;350000
74-Sep;9/7;9/14;9/21;9/28;
74-Sep;350000;357000;370000;366000;
74-Oct;10/5;10/12;10/19;10/26;
74-Oct;371000;413000;389000;414000;
74-Nov;11/2;11/9;11/16;11/23;11/30
74-Nov;406000;441000;449000;518000;474000
74-Dec;12/7;12/14;12/21;12/28;
74-Dec;528000;510000;521000;537000;
75-Jan;1/4;1/11;1/18;1/25;
75-Jan;456000;554000;575000;555000;
75-Feb;2/1;2/8;2/15;2/22;
75-Feb;559000;545000;530000;544000;
75-Mar;3/1;3/8;3/15;3/22;3/29
75-Mar;546000;551000;531000;550000;555000
75-Apr;4/5;4/12;4/19;4/26;
75-Apr;537000;520000;531000;513000;
75-May;5/3;5/10;5/17;5/24;5/31
75-May;505000;507000;514000;493000;475000
75-Jun;6/7;6/14;6/21;6/28;
75-Jun;529000;497000;497000;459000;
75-Jul;7/5;7/12;7/19;7/26;
75-Jul;423000;446000;445000;454000;
75-Aug;8/2;8/9;8/16;8/23;8/30
75-Aug;454000;459000;444000;457000;446000
75-Sep;9/6;9/13;9/20;9/27;
75-Sep;447000;456000;433000;445000;
75-Oct;10/4;10/11;10/18;10/25;
75-Oct;426000;429000;404000;426000;
75-Nov;11/1;11/8;11/15;11/22;11/29
75-Nov;414000;415000;386000;401000;387000
75-Dec;12/6;12/13;12/20;12/27;
75-Dec;373000;368000;365000;391000;
76-Jan;1/3;1/10;1/17;1/24;1/31
76-Jan;362000;402000;370000;363000;359000
76-Feb;2/7;2/14;2/21;2/28;
76-Feb;353000;344000;347000;349000;
76-Mar;3/6;3/13;3/20;3/27;
76-Mar;348000;360000;368000;366000;
76-Apr;4/3;4/10;4/17;4/24;
76-Apr;380000;373000;361000;367000;
76-May;5/1;5/8;5/15;5/22;5/29
76-May;385000;395000;382000;394000;402000
76-Jun;6/5;6/12;6/19;6/26;
76-Jun;382000;407000;399000;387000;
76-Jul;7/3;7/10;7/17;7/24;7/31
76-Jul;394000;372000;406000;394000;388000
76-Aug;8/7;8/14;8/21;8/28;
76-Aug;378000;382000;400000;394000;
76-Sep;9/4;9/11;9/18;9/25;
76-Sep;421000;383000;403000;423000;
76-Oct;10/2;10/9;10/16;10/23;10/30
76-Oct;408000;411000;403000;409000;414000
76-Nov;11/6;11/13;11/20;11/27;
76-Nov;390000;383000;408000;377000;
76-Dec;12/4;12/11;12/18;12/25;
76-Dec;402000;395000;365000;333000;
77-Jan;1/1;1/8;1/15;1/22;1/29
77-Jan;380000;416000;368000;423000;422000
77-Feb;2/5;2/12;2/19;2/26;
77-Feb;565000;477000;399000;362000;
77-Mar;3/5;3/12;3/19;3/26;
77-Mar;361000;355000;369000;356000;
77-Apr;4/2;4/9;4/16;4/23;4/30
77-Apr;350000;376000;361000;375000;375000
77-May;5/7;5/14;5/21;5/28;
77-May;384000;381000;375000;381000;
77-Jun;6/4;6/11;6/18;6/25;
77-Jun;363000;358000;359000;365000;
77-Jul;7/2;7/9;7/16;7/23;7/30
77-Jul;350000;361000;366000;365000;365000
77-Aug;8/6;8/13;8/20;8/27;
77-Aug;378000;359000;367000;365000;
77-Sep;9/3;9/10;9/17;9/24;
77-Sep;374000;359000;362000;380000;
77-Oct;10/1;10/8;10/15;10/22;10/29
77-Oct;348000;365000;358000;375000;349000
77-Nov;11/5;11/12;11/19;11/26;
77-Nov;366000;334000;360000;354000;
77-Dec;12/3;12/10;12/17;12/24;12/31
77-Dec;367000;364000;359000;344000;364000
78-Jan;1/7;1/14;1/21;1/28;
78-Jan;346000;343000;352000;363000;
78-Feb;2/4;2/11;2/18;2/25;
78-Feb;360000;373000;429000;371000;
78-Mar;3/4;3/11;3/18;3/25;
78-Mar;355000;359000;347000;335000;
78-Apr;4/1;4/8;4/15;4/22;4/29
78-Apr;333000;345000;309000;319000;324000
78-May;5/6;5/13;5/20;5/27;
78-May;334000;322000;334000;318000;
78-Jun;6/3;6/10;6/17;6/24;
78-Jun;310000;331000;326000;330000;
78-Jul;7/1;7/8;7/15;7/22;7/29
78-Jul;348000;356000;352000;349000;346000
78-Aug;8/5;8/12;8/19;8/26;
78-Aug;365000;354000;343000;333000;
78-Sep;9/2;9/9;9/16;9/23;9/30
78-Sep;313000;337000;322000;323000;318000
78-Oct;10/7;10/14;10/21;10/28;
78-Oct;343000;316000;338000;316000;
78-Nov;11/4;11/11;11/18;11/25;
78-Nov;317000;304000;342000;359000;
78-Dec;12/2;12/9;12/16;12/23;12/30
78-Dec;377000;344000;347000;352000;358000
79-Jan;1/6;1/13;1/20;1/27;
79-Jan;359000;392000;337000;342000;
79-Feb;2/3;2/10;2/17;2/24;
79-Feb;348000;359000;367000;360000;
79-Mar;3/3;3/10;3/17;3/24;3/31
79-Mar;355000;363000;359000;353000;360000
79-Apr;4/7;4/14;4/21;4/28;
79-Apr;465000;457000;383000;357000;
79-May;5/5;5/12;5/19;5/26;
79-May;353000;344000;346000;349000;
79-Jun;6/2;6/9;6/16;6/23;6/30
79-Jun;336000;365000;351000;379000;369000
79-Jul;7/7;7/14;7/21;7/28;
79-Jul;368000;368000;395000;386000;
79-Aug;8/4;8/11;8/18;8/25;
79-Aug;412000;386000;387000;390000;
79-Sep;9/1;9/8;9/15;9/22;9/29
79-Sep;389000;378000;384000;388000;390000
79-Oct;10/6;10/13;10/20;10/27;
79-Oct;412000;393000;406000;398000;
79-Nov;11/3;11/10;11/17;11/24;
79-Nov;395000;414000;430000;414000;
79-Dec;12/1;12/8;12/15;12/22;12/29
79-Dec;416000;415000;411000;471000;428000
80-Jan;1/5;1/12;1/19;1/26;
80-Jan;394000;405000;446000;412000;
80-Feb;2/2;2/9;2/16;2/23;
80-Feb;404000;425000;415000;428000;
80-Mar;3/1;3/8;3/15;3/22;3/29
80-Mar;409000;418000;432000;435000;475000
80-Apr;4/5;4/12;4/19;4/26;
80-Apr;464000;544000;548000;563000;
80-May;5/3;5/10;5/17;5/24;5/31
80-May;572000;601000;642000;627000;637000
80-Jun;6/7;6/14;6/21;6/28;
80-Jun;610000;592000;599000;627000;
80-Jul;7/5;7/12;7/19;7/26;
80-Jul;579000;533000;567000;558000;
80-Aug;8/2;8/9;8/16;8/23;8/30
80-Aug;569000;533000;525000;512000;502000
80-Sep;9/6;9/13;9/20;9/27;
80-Sep;511000;492000;465000;463000;
80-Oct;10/4;10/11;10/18;10/25;
80-Oct;462000;447000;425000;418000;
80-Nov;11/1;11/8;11/15;11/22;11/29
80-Nov;419000;407000;427000;398000;412000
80-Dec;12/6;12/13;12/20;12/27;
80-Dec;416000;413000;412000;399000;
81-Jan;1/3;1/10;1/17;1/24;1/31
81-Jan;410000;419000;421000;396000;419000
81-Feb;2/7;2/14;2/21;2/28;
81-Feb;420000;423000;438000;434000;
81-Mar;3/7;3/14;3/21;3/28;
81-Mar;409000;408000;401000;412000;
81-Apr;4/4;4/11;4/18;4/25;
81-Apr;417000;396000;392000;436000;
81-May;5/2;5/9;5/16;5/23;5/30
81-May;413000;423000;414000;415000;417000
81-Jun;6/6;6/13;6/20;6/27;
81-Jun;428000;425000;435000;444000;
81-Jul;7/4;7/11;7/18;7/25;
81-Jul;460000;426000;430000;407000;
81-Aug;8/1;8/8;8/15;8/22;8/29
81-Aug;476000;448000;442000;434000;451000
81-Sep;9/5;9/12;9/19;9/26;
81-Sep;473000;454000;475000;491000;
81-Oct;10/3;10/10;10/17;10/24;10/31
81-Oct;489000;491000;487000;483000;514000
81-Nov;11/7;11/14;11/21;11/28;
81-Nov;514000;517000;464000;552000;
81-Dec;12/5;12/12;12/19;12/26;
81-Dec;558000;551000;539000;556000;
82-Jan;1/2;1/9;1/16;1/23;1/30
82-Jan;495000;545000;489000;564000;583000
82-Feb;2/6;2/13;2/20;2/27;
82-Feb;556000;507000;544000;528000;
82-Mar;3/6;3/13;3/20;3/27;
82-Mar;556000;539000;557000;574000;
82-Apr;4/3;4/10;4/17;4/24;
82-Apr;578000;585000;597000;588000;
82-May;5/1;5/8;5/15;5/22;5/29
82-May;576000;584000;585000;586000;588000
82-Jun;6/5;6/12;6/19;6/26;
82-Jun;611000;614000;591000;582000;
82-Jul;7/3;7/10;7/17;7/24;7/31
82-Jul;600000;572000;567000;536000;605000
82-Aug;8/7;8/14;8/21;8/28;
82-Aug;606000;637000;628000;647000;
82-Sep;9/4;9/11;9/18;9/25;
82-Sep;651000;641000;680000;671000;
82-Oct;10/2;10/9;10/16;10/23;10/30
82-Oct;695000;651000;656000;623000;637000
82-Nov;11/6;11/13;11/20;11/27;
82-Nov;589000;599000;577000;612000;
82-Dec;12/4;12/11;12/18;12/25;
82-Dec;557000;533000;516000;489000;
83-Jan;1/1;1/8;1/15;1/22;1/29
83-Jan;534000;510000;479000;479000;503000
83-Feb;2/5;2/12;2/19;2/26;
83-Feb;501000;486000;487000;481000;
83-Mar;3/5;3/12;3/19;3/26;
83-Mar;495000;475000;470000;481000;
83-Apr;4/2;4/9;4/16;4/23;4/30
83-Apr;491000;496000;515000;488000;490000
83-May;5/7;5/14;5/21;5/28;
83-May;494000;464000;460000;454000;
83-Jun;6/4;6/11;6/18;6/25;
83-Jun;459000;442000;434000;442000;
83-Jul;7/2;7/9;7/16;7/23;7/30
83-Jul;422000;412000;396000;395000;415000
83-Aug;8/6;8/13;8/20;8/27;
83-Aug;415000;457000;445000;426000;
83-Sep;9/3;9/10;9/17;9/24;
83-Sep;411000;403000;405000;416000;
83-Oct;10/1;10/8;10/15;10/22;10/29
83-Oct;413000;406000;394000;394000;404000
83-Nov;11/5;11/12;11/19;11/26;
83-Nov;395000;390000;387000;398000;
83-Dec;12/3;12/10;12/17;12/24;12/31
83-Dec;365000;368000;362000;377000;372000
84-Jan;1/7;1/14;1/21;1/28;
84-Jan;356000;351000;333000;364000;
84-Feb;2/4;2/11;2/18;2/25;
84-Feb;342000;338000;334000;343000;
84-Mar;3/3;3/10;3/17;3/24;3/31
84-Mar;347000;346000;349000;346000;341000
84-Apr;4/7;4/14;4/21;4/28;
84-Apr;381000;357000;364000;375000;
84-May;5/5;5/12;5/19;5/26;
84-May;365000;368000;354000;354000;
84-Jun;6/2;6/9;6/16;6/23;6/30
84-Jun;355000;369000;361000;362000;360000
84-Jul;7/7;7/14;7/21;7/28;
84-Jul;366000;360000;357000;359000;
84-Aug;8/4;8/11;8/18;8/25;
84-Aug;382000;380000;401000;395000;
84-Sep;9/1;9/8;9/15;9/22;9/29
84-Sep;385000;402000;393000;395000;402000
84-Oct;10/6;10/13;10/20;10/27;
84-Oct;403000;410000;439000;425000;
84-Nov;11/3;11/10;11/17;11/24;
84-Nov;423000;393000;383000;429000;
84-Dec;12/1;12/8;12/15;12/22;12/29
84-Dec;401000;383000;386000;379000;379000
85-Jan;1/5;1/12;1/19;1/26;
85-Jan;369000;387000;359000;368000;
85-Feb;2/2;2/9;2/16;2/23;
85-Feb;386000;401000;390000;390000;
85-Mar;3/2;3/9;3/16;3/23;3/30
85-Mar;374000;385000;386000;373000;386000
85-Apr;4/6;4/13;4/20;4/27;
85-Apr;405000;411000;391000;386000;
85-May;5/4;5/11;5/18;5/25;
85-May;390000;394000;391000;396000;
85-Jun;6/1;6/8;6/15;6/22;6/29
85-Jun;393000;403000;390000;386000;390000
85-Jul;7/6;7/13;7/20;7/27;
85-Jul;395000;386000;370000;362000;
85-Aug;8/3;8/10;8/17;8/24;8/31
85-Aug;407000;402000;399000;405000;409000
85-Sep;9/7;9/14;9/21;9/28;
85-Sep;426000;408000;401000;399000;
85-Oct;10/5;10/12;10/19;10/26;
85-Oct;405000;400000;400000;418000;
85-Nov;11/2;11/9;11/16;11/23;11/30
85-Nov;398000;397000;397000;382000;393000
85-Dec;12/7;12/14;12/21;12/28;
85-Dec;399000;382000;370000;390000;
86-Jan;1/4;1/11;1/18;1/25;
86-Jan;362000;397000;364000;344000;
86-Feb;2/1;2/8;2/15;2/22;
86-Feb;364000;366000;358000;390000;
86-Mar;3/1;3/8;3/15;3/22;3/29
86-Mar;375000;366000;382000;387000;396000
86-Apr;4/5;4/12;4/19;4/26;
86-Apr;381000;388000;383000;391000;
86-May;5/3;5/10;5/17;5/24;5/31
86-May;392000;395000;384000;386000;373000
86-Jun;6/7;6/14;6/21;6/28;
86-Jun;375000;369000;367000;371000;
86-Jul;7/5;7/12;7/19;7/26;
86-Jul;371000;361000;354000;362000;
86-Aug;8/2;8/9;8/16;8/23;8/30
86-Aug;416000;416000;407000;397000;401000
86-Sep;9/6;9/13;9/20;9/27;
86-Sep;400000;394000;399000;389000;
86-Oct;10/4;10/11;10/18;10/25;
86-Oct;391000;387000;385000;370000;
86-Nov;11/1;11/8;11/15;11/22;11/29
86-Nov;364000;349000;368000;369000;366000
86-Dec;12/6;12/13;12/20;12/27;
86-Dec;363000;375000;350000;345000;
87-Jan;1/3;1/10;1/17;1/24;1/31
87-Jan;323000;348000;341000;346000;370000
87-Feb;2/7;2/14;2/21;2/28;
87-Feb;368000;338000;341000;348000;
87-Mar;3/7;3/14;3/21;3/28;
87-Mar;337000;335000;335000;326000;
87-Apr;4/4;4/11;4/18;4/25;
87-Apr;330000;338000;349000;328000;
87-May;5/2;5/9;5/16;5/23;5/30
87-May;330000;315000;341000;343000;326000
87-Jun;6/6;6/13;6/20;6/27;
87-Jun;328000;316000;319000;326000;
87-Jul;7/4;7/11;7/18;7/25;
87-Jul;326000;317000;310000;324000;
87-Aug;8/1;8/8;8/15;8/22;8/29
87-Aug;348000;327000;319000;312000;322000
87-Sep;9/5;9/12;9/19;9/26;
87-Sep;316000;297000;309000;317000;
87-Oct;10/3;10/10;10/17;10/24;10/31
87-Oct;301000;308000;301000;301000;289000
87-Nov;11/7;11/14;11/21;11/28;
87-Nov;297000;307000;317000;306000;
87-Dec;12/5;12/12;12/19;12/26;
87-Dec;319000;317000;323000;316000;
88-Jan;1/2;1/9;1/16;1/23;1/30
88-Jan;315000;325000;361000;335000;342000
88-Feb;2/6;2/13;2/20;2/27;
88-Feb;318000;311000;327000;319000;
88-Mar;3/5;3/12;3/19;3/26;
88-Mar;307000;304000;307000;304000;
88-Apr;4/2;4/9;4/16;4/23;4/30
88-Apr;309000;313000;314000;312000;313000
88-May;5/7;5/14;5/21;5/28;
88-May;309000;314000;319000;313000;
88-Jun;6/4;6/11;6/18;6/25;
88-Jun;310000;305000;311000;307000;
88-Jul;7/2;7/9;7/16;7/23;7/30
88-Jul;305000;303000;315000;354000;331000
88-Aug;8/6;8/13;8/20;8/27;
88-Aug;316000;312000;316000;315000;
88-Sep;9/3;9/10;9/17;9/24;
88-Sep;306000;305000;306000;301000;
88-Oct;10/1;10/8;10/15;10/22;10/29
88-Oct;292000;292000;293000;286000;294000
88-Nov;11/5;11/12;11/19;11/26;
88-Nov;285000;284000;294000;299000;
88-Dec;12/3;12/10;12/17;12/24;12/31
88-Dec;298000;285000;293000;286000;304000
89-Jan;1/7;1/14;1/21;1/28;
89-Jan;299000;283000;282000;295000;
89-Feb;2/4;2/11;2/18;2/25;
89-Feb;288000;322000;305000;300000;
89-Mar;3/4;3/11;3/18;3/25;
89-Mar;325000;325000;319000;319000;
89-Apr;4/1;4/8;4/15;4/22;4/29
89-Apr;323000;314000;307000;304000;311000
89-May;5/6;5/13;5/20;5/27;
89-May;320000;332000;321000;325000;
89-Jun;6/3;6/10;6/17;6/24;
89-Jun;325000;332000;337000;338000;
89-Jul;7/1;7/8;7/15;7/22;7/29
89-Jul;349000;341000;349000;332000;337000
89-Aug;8/5;8/12;8/19;8/26;
89-Aug;338000;341000;327000;332000;
89-Sep;9/2;9/9;9/16;9/23;9/30
89-Sep;329000;336000;334000;334000;347000
89-Oct;10/7;10/14;10/21;10/28;
89-Oct;407000;345000;347000;354000;
89-Nov;11/4;11/11;11/18;11/25;
89-Nov;333000;336000;336000;342000;
89-Dec;12/2;12/9;12/16;12/23;12/30
89-Dec;344000;338000;355000;381000;358000
90-Jan;1/6;1/13;1/20;1/27;
90-Jan;355000;369000;375000;345000;
90-Feb;2/3;2/10;2/17;2/24;
90-Feb;368000;367000;348000;350000;
90-Mar;3/3;3/10;3/17;3/24;3/31
90-Mar;351000;349000;349000;331000;346000
90-Apr;4/7;4/14;4/21;4/28;
90-Apr;367000;357000;360000;363000;
90-May;5/5;5/12;5/19;5/26;
90-May;354000;355000;353000;359000;
90-Jun;6/2;6/9;6/16;6/23;6/30
90-Jun;368000;359000;359000;362000;364000
90-Jul;7/7;7/14;7/21;7/28;
90-Jul;362000;367000;370000;369000;
90-Aug;8/4;8/11;8/18;8/25;
90-Aug;369000;381000;393000;394000;
90-Sep;9/1;9/8;9/15;9/22;9/29
90-Sep;392000;390000;395000;389000;404000
90-Oct;10/6;10/13;10/20;10/27;
90-Oct;404000;422000;435000;440000;
90-Nov;11/3;11/10;11/17;11/24;
90-Nov;430000;448000;447000;462000;
90-Dec;12/1;12/8;12/15;12/22;12/29
90-Dec;451000;449000;447000;474000;454000
91-Jan;1/5;1/12;1/19;1/26;
91-Jan;415000;437000;445000;462000;
91-Feb;2/2;2/9;2/16;2/23;
91-Feb;483000;480000;474000;499000;
91-Mar;3/2;3/9;3/16;3/23;3/30
91-Mar;488000;499000;498000;509000;499000
91-Apr;4/6;4/13;4/20;4/27;
91-Apr;452000;477000;478000;462000;
91-May;5/4;5/11;5/18;5/25;
91-May;451000;446000;448000;443000;
91-Jun;6/1;6/8;6/15;6/22;6/29
91-Jun;432000;441000;429000;423000;418000
91-Jul;7/6;7/13;7/20;7/27;
91-Jul;422000;420000;408000;423000;
91-Aug;8/3;8/10;8/17;8/24;8/31
91-Aug;438000;437000;433000;425000;425000
91-Sep;9/7;9/14;9/21;9/28;
91-Sep;424000;418000;419000;437000;
91-Oct;10/5;10/12;10/19;10/26;
91-Oct;424000;425000;419000;423000;
91-Nov;11/2;11/9;11/16;11/23;11/30
91-Nov;447000;453000;439000;444000;444000
91-Dec;12/7;12/14;12/21;12/28;
91-Dec;475000;475000;436000;441000;
92-Jan;1/4;1/11;1/18;1/25;
92-Jan;432000;440000;443000;441000;
92-Feb;2/1;2/8;2/15;2/22;2/29
92-Feb;440000;445000;446000;436000;444000
92-Mar;3/7;3/14;3/21;3/28;
92-Mar;421000;437000;440000;420000;
92-Apr;4/4;4/11;4/18;4/25;
92-Apr;412000;413000;424000;424000;
92-May;5/2;5/9;5/16;5/23;5/30
92-May;431000;417000;414000;414000;411000
92-Jun;6/6;6/13;6/20;6/27;
92-Jun;416000;420000;419000;420000;
92-Jul;7/4;7/11;7/18;7/25;
92-Jul;407000;408000;392000;564000;
92-Aug;8/1;8/8;8/15;8/22;8/29
92-Aug;423000;406000;401000;398000;408000
92-Sep;9/5;9/12;9/19;9/26;
92-Sep;416000;416000;427000;409000;
92-Oct;10/3;10/10;10/17;10/24;10/31
92-Oct;398000;374000;385000;367000;365000
92-Nov;11/7;11/14;11/21;11/28;
92-Nov;374000;377000;357000;341000;
92-Dec;12/5;12/12;12/19;12/26;
92-Dec;350000;359000;334000;313000;
93-Jan;1/2;1/9;1/16;1/23;1/30
93-Jan;341000;354000;352000;341000;340000
93-Feb;2/6;2/13;2/20;2/27;
93-Feb;319000;321000;351000;362000;
93-Mar;3/6;3/13;3/20;3/27;
93-Mar;354000;346000;338000;366000;
93-Apr;4/3;4/10;4/17;4/24;
93-Apr;365000;353000;351000;350000;
93-May;5/1;5/8;5/15;5/22;5/29
93-May;343000;339000;345000;342000;349000
93-Jun;6/5;6/12;6/19;6/26;
93-Jun;343000;343000;345000;340000;
93-Jul;7/3;7/10;7/17;7/24;7/31
93-Jul;334000;314000;335000;415000;356000
93-Aug;8/7;8/14;8/21;8/28;
93-Aug;346000;339000;342000;337000;
93-Sep;9/4;9/11;9/18;9/25;
93-Sep;334000;333000;346000;343000;
93-Oct;10/2;10/9;10/16;10/23;10/30
93-Oct;333000;355000;359000;354000;348000
93-Nov;11/6;11/13;11/20;11/27;
93-Nov;350000;341000;336000;337000;
93-Dec;12/4;12/11;12/18;12/25;
93-Dec;337000;334000;331000;290000;
94-Jan;1/1;1/8;1/15;1/22;1/29
94-Jan;341000;343000;355000;351000;406000
94-Feb;2/5;2/12;2/19;2/26;
94-Feb;361000;354000;352000;327000;
94-Mar;3/5;3/12;3/19;3/26;
94-Mar;348000;341000;332000;322000;
94-Apr;4/2;4/9;4/16;4/23;4/30
94-Apr;342000;349000;354000;331000;344000
94-May;5/7;5/14;5/21;5/28;
94-May;371000;360000;357000;348000;
94-Jun;6/4;6/11;6/18;6/25;
94-Jun;345000;338000;336000;341000;
94-Jul;7/2;7/9;7/16;7/23;7/30
94-Jul;334000;341000;359000;345000;332000
94-Aug;8/6;8/13;8/20;8/27;
94-Aug;338000;335000;331000;341000;
94-Sep;9/3;9/10;9/17;9/24;
94-Sep;339000;331000;326000;325000;
94-Oct;10/1;10/8;10/15;10/22;10/29
94-Oct;330000;341000;335000;330000;331000
94-Nov;11/5;11/12;11/19;11/26;
94-Nov;328000;329000;326000;329000;
94-Dec;12/3;12/10;12/17;12/24;12/31
94-Dec;324000;329000;330000;314000;319000
95-Jan;1/7;1/14;1/21;1/28;
95-Jan;338000;347000;325000;324000;
95-Feb;2/4;2/11;2/18;2/25;
95-Feb;324000;348000;343000;336000;
95-Mar;3/4;3/11;3/18;3/25;
95-Mar;339000;347000;343000;332000;
95-Apr;4/1;4/8;4/15;4/22;4/29
95-Apr;335000;347000;355000;349000;365000
95-May;5/6;5/13;5/20;5/27;
95-May;364000;366000;377000;374000;
95-Jun;6/3;6/10;6/17;6/24;
95-Jun;362000;367000;378000;358000;
95-Jul;7/1;7/8;7/15;7/22;7/29
95-Jul;355000;372000;389000;390000;351000
95-Aug;8/5;8/12;8/19;8/26;
95-Aug;351000;353000;362000;359000;
95-Sep;9/2;9/9;9/16;9/23;9/30
95-Sep;355000;371000;376000;353000;355000
95-Oct;10/7;10/14;10/21;10/28;
95-Oct;374000;369000;366000;377000;
95-Nov;11/4;11/11;11/18;11/25;
95-Nov;380000;370000;379000;379000;
95-Dec;12/2;12/9;12/16;12/23;12/30
95-Dec;373000;346000;373000;374000;359000
96-Jan;1/6;1/13;1/20;1/27;
96-Jan;361000;333000;415000;387000;
96-Feb;2/3;2/10;2/17;2/24;
96-Feb;374000;387000;383000;365000;
96-Mar;3/2;3/9;3/16;3/23;3/30
96-Mar;368000;361000;384000;426000;393000
96-Apr;4/6;4/13;4/20;4/27;
96-Apr;369000;357000;368000;343000;
96-May;5/4;5/11;5/18;5/25;
96-May;338000;352000;345000;343000;
96-Jun;6/1;6/8;6/15;6/22;6/29
96-Jun;340000;351000;342000;341000;337000
96-Jul;7/6;7/13;7/20;7/27;
96-Jul;342000;347000;332000;327000;
96-Aug;8/3;8/10;8/17;8/24;8/31
96-Aug;326000;331000;336000;337000;329000
96-Sep;9/7;9/14;9/21;9/28;
96-Sep;333000;338000;352000;348000;
96-Oct;10/5;10/12;10/19;10/26;
96-Oct;335000;334000;335000;352000;
96-Nov;11/2;11/9;11/16;11/23;11/30
96-Nov;334000;327000;342000;347000;332000
96-Dec;12/7;12/14;12/21;12/28;
96-Dec;355000;352000;350000;357000;
97-Jan;1/4;1/11;1/18;1/25;
97-Jan;347000;324000;345000;340000;
97-Feb;2/1;2/8;2/15;2/22;
97-Feb;333000;315000;313000;322000;
97-Mar;3/1;3/8;3/15;3/22;3/29
97-Mar;321000;317000;319000;315000;325000
97-Apr;4/5;4/12;4/19;4/26;
97-Apr;325000;330000;316000;337000;
97-May;5/3;5/10;5/17;5/24;5/31
97-May;342000;318000;322000;316000;321000
97-Jun;6/7;6/14;6/21;6/28;
97-Jun;329000;335000;316000;322000;
97-Jul;7/5;7/12;7/19;7/26;
97-Jul;346000;328000;301000;306000;
97-Aug;8/2;8/9;8/16;8/23;8/30
97-Aug;320000;329000;343000;327000;332000
97-Sep;9/6;9/13;9/20;9/27;
97-Sep;313000;314000;317000;317000;
97-Oct;10/4;10/11;10/18;10/25;
97-Oct;311000;305000;318000;306000;
97-Nov;11/1;11/8;11/15;11/22;11/29
97-Nov;313000;308000;325000;309000;318000
97-Dec;12/6;12/13;12/20;12/27;
97-Dec;317000;323000;310000;303000;
98-Jan;1/3;1/10;1/17;1/24;1/31
98-Jan;312000;331000;341000;307000;315000
98-Feb;2/7;2/14;2/21;2/28;
98-Feb;311000;321000;327000;317000;
98-Mar;3/7;3/14;3/21;3/28;
98-Mar;308000;319000;321000;312000;
98-Apr;4/4;4/11;4/18;4/25;
98-Apr;312000;304000;317000;311000;
98-May;5/2;5/9;5/16;5/23;5/30
98-May;304000;306000;315000;309000;322000
98-Jun;6/6;6/13;6/20;6/27;
98-Jun;306000;321000;349000;376000;
98-Jul;7/4;7/11;7/18;7/25;
98-Jul;362000;320000;315000;335000;
98-Aug;8/1;8/8;8/15;8/22;8/29
98-Aug;327000;316000;308000;302000;310000
98-Sep;9/5;9/12;9/19;9/26;
98-Sep;313000;304000;305000;294000;
98-Oct;10/3;10/10;10/17;10/24;10/31
98-Oct;302000;316000;318000;309000;308000
98-Nov;11/7;11/14;11/21;11/28;
98-Nov;316000;334000;304000;310000;
98-Dec;12/5;12/12;12/19;12/26;
98-Dec;326000;305000;297000;336000;
99-Jan;1/2;1/9;1/16;1/23;1/30
99-Jan;331000;345000;339000;311000;305000
99-Feb;2/6;2/13;2/20;2/27;
99-Feb;291000;312000;302000;301000;
99-Mar;3/6;3/13;3/20;3/27;
99-Mar;300000;308000;305000;298000;
99-Apr;4/3;4/10;4/17;4/24;
99-Apr;310000;319000;314000;291000;
99-May;5/1;5/8;5/15;5/22;5/29
99-May;296000;310000;301000;298000;303000
99-Jun;6/5;6/12;6/19;6/26;
99-Jun;303000;290000;292000;291000;
99-Jul;7/3;7/10;7/17;7/24;7/31
99-Jul;287000;288000;309000;306000;300000
99-Aug;8/7;8/14;8/21;8/28;
99-Aug;295000;292000;286000;290000;
99-Sep;9/4;9/11;9/18;9/25;
99-Sep;290000;281000;281000;306000;
99-Oct;10/2;10/9;10/16;10/23;10/30
99-Oct;309000;291000;287000;280000;285000
99-Nov;11/6;11/13;11/20;11/27;
99-Nov;282000;281000;276000;288000;
99-Dec;12/4;12/11;12/18;12/25;
99-Dec;287000;272000;287000;268000;
00-Jan;1/1;1/8;1/15;1/22;1/29
00-Jan;286000;298000;289000;284000;285000
00-Feb;2/5;2/12;2/19;2/26;
00-Feb;312000;300000;283000;280000;
00-Mar;3/4;3/11;3/18;3/25;
00-Mar;286000;270000;271000;272000;
00-Apr;4/1;4/8;4/15;4/22;4/29
00-Apr;266000;268000;259000;274000;291000
00-May;5/6;5/13;5/20;5/27;
00-May;293000;276000;280000;280000;
00-Jun;6/3;6/10;6/17;6/24;
00-Jun;290000;284000;294000;296000;
00-Jul;7/1;7/8;7/15;7/22;7/29
00-Jul;281000;293000;303000;300000;298000
00-Aug;8/5;8/12;8/19;8/26;
00-Aug;306000;315000;318000;312000;
00-Sep;9/2;9/9;9/16;9/23;9/30
00-Sep;301000;309000;311000;288000;292000
00-Oct;10/7;10/14;10/21;10/28;
00-Oct;309000;299000;295000;301000;
00-Nov;11/4;11/11;11/18;11/25;
00-Nov;331000;318000;332000;356000;
00-Dec;12/2;12/9;12/16;12/23;12/30
00-Dec;338000;321000;354000;364000;353000
01-Jan;1/6;1/13;1/20;1/27;
01-Jan;337000;318000;343000;362000;
01-Feb;2/3;2/10;2/17;2/24;
01-Feb;376000;365000;358000;386000;
01-Mar;3/3;3/10;3/17;3/24;3/31
01-Mar;384000;393000;393000;378000;388000
01-Apr;4/7;4/14;4/21;4/28;
01-Apr;398000;383000;400000;406000;
01-May;5/5;5/12;5/19;5/26;
01-May;381000;390000;402000;405000;
01-Jun;6/2;6/9;6/16;6/23;6/30
01-Jun;406000;411000;394000;381000;394000
01-Jul;7/7;7/14;7/21;7/28;
01-Jul;401000;405000;398000;388000;
01-Aug;8/4;8/11;8/18;8/25;
01-Aug;401000;394000;402000;395000;
01-Sep;9/1;9/8;9/15;9/22;9/29
01-Sep;402000;408000;395000;453000;517000
01-Oct;10/6;10/13;10/20;10/27;
01-Oct;476000;482000;482000;483000;
01-Nov;11/3;11/10;11/17;11/24;
01-Nov;440000;428000;431000;491000;
01-Dec;12/1;12/8;12/15;12/22;12/29
01-Dec;465000;393000;389000;416000;421000
02-Jan;1/5;1/12;1/19;1/26;
02-Jan;397000;418000;405000;414000;
02-Feb;2/2;2/9;2/16;2/23;
02-Feb;404000;397000;397000;398000;
02-Mar;3/2;3/9;3/16;3/23;3/30
02-Mar;392000;399000;392000;415000;479000
02-Apr;4/6;4/13;4/20;4/27;
02-Apr;445000;442000;416000;414000;
02-May;5/4;5/11;5/18;5/25;
02-May;409000;413000;411000;403000;
02-Jun;6/1;6/8;6/15;6/22;6/29
02-Jun;378000;388000;396000;388000;386000
02-Jul;7/6;7/13;7/20;7/27;
02-Jul;391000;384000;379000;390000;
02-Aug;8/3;8/10;8/17;8/24;8/31
02-Aug;388000;389000;399000;398000;394000
02-Sep;9/7;9/14;9/21;9/28;
02-Sep;416000;412000;401000;409000;
02-Oct;10/5;10/12;10/19;10/26;
02-Oct;404000;405000;412000;409000;
02-Nov;11/2;11/9;11/16;11/23;11/30
02-Nov;405000;400000;389000;390000;377000
02-Dec;12/7;12/14;12/21;12/28;
02-Dec;425000;429000;394000;409000;
03-Jan;1/4;1/11;1/18;1/25;
03-Jan;393000;378000;402000;407000;
03-Feb;2/1;2/8;2/15;2/22;
03-Feb;413000;390000;420000;421000;
03-Mar;3/1;3/8;3/15;3/22;3/29
03-Mar;436000;424000;430000;411000;436000
03-Apr;4/5;4/12;4/19;4/26;
03-Apr;417000;434000;450000;444000;
03-May;5/3;5/10;5/17;5/24;5/31
03-May;428000;417000;425000;419000;431000
03-Jun;6/7;6/14;6/21;6/28;
03-Jun;429000;421000;408000;429000;
03-Jul;7/5;7/12;7/19;7/26;
03-Jul;433000;412000;403000;398000;
03-Aug;8/2;8/9;8/16;8/23;8/30
03-Aug;401000;404000;398000;391000;407000
03-Sep;9/6;9/13;9/20;9/27;
03-Sep;422000;394000;379000;387000;
03-Oct;10/4;10/11;10/18;10/25;
03-Oct;386000;376000;387000;379000;
03-Nov;11/1;11/8;11/15;11/22;11/29
03-Nov;363000;371000;370000;354000;357000
03-Dec;12/6;12/13;12/20;12/27;
03-Dec;367000;363000;354000;349000;
04-Jan;1/3;1/10;1/17;1/24;1/31
04-Jan;356000;354000;362000;353000;376000
04-Feb;2/7;2/14;2/21;2/28;
04-Feb;380000;356000;359000;348000;
04-Mar;3/6;3/13;3/20;3/27;
04-Mar;344000;338000;346000;340000;
04-Apr;4/3;4/10;4/17;4/24;
04-Apr;335000;355000;364000;339000;
04-May;5/1;5/8;5/15;5/22;5/29
04-May;324000;329000;349000;342000;337000
04-Jun;6/5;6/12;6/19;6/26;
04-Jun;355000;339000;354000;348000;
04-Jul;7/3;7/10;7/17;7/24;7/31
04-Jul;326000;345000;355000;348000;341000
04-Aug;8/7;8/14;8/21;8/28;
04-Aug;336000;332000;343000;352000;
04-Sep;9/4;9/11;9/18;9/25;
04-Sep;326000;331000;341000;351000;
04-Oct;10/2;10/9;10/16;10/23;10/30
04-Oct;335000;338000;327000;338000;332000
04-Nov;11/6;11/13;11/20;11/27;
04-Nov;330000;337000;313000;335000;
04-Dec;12/4;12/11;12/18;12/25;
04-Dec;343000;316000;322000;320000;
05-Jan;1/1;1/8;1/15;1/22;1/29
05-Jan;356000;369000;332000;329000;331000
05-Feb;2/5;2/12;2/19;2/26;
05-Feb;307000;308000;318000;314000;
05-Mar;3/5;3/12;3/19;3/26;
05-Mar;333000;324000;329000;342000;
05-Apr;4/2;4/9;4/16;4/23;4/30
05-Apr;335000;323000;307000;317000;334000
05-May;5/7;5/14;5/21;5/28;
05-May;327000;321000;320000;340000;
05-Jun;6/4;6/11;6/18;6/25;
05-Jun;338000;333000;321000;311000;
05-Jul;7/2;7/9;7/16;7/23;7/30
05-Jul;327000;338000;323000;318000;316000
05-Aug;8/6;8/13;8/20;8/27;
05-Aug;311000;319000;315000;318000;
05-Sep;9/3;9/10;9/17;9/24;
05-Sep;326000;422000;424000;359000;
05-Oct;10/1;10/8;10/15;10/22;10/29
05-Oct;384000;383000;348000;324000;322000
05-Nov;11/5;11/12;11/19;11/26;
05-Nov;325000;309000;324000;311000;
05-Dec;12/3;12/10;12/17;12/24;12/31
05-Dec;321000;327000;312000;320000;302000
06-Jan;1/7;1/14;1/21;1/28;
06-Jan;326000;285000;290000;282000;
06-Feb;2/4;2/11;2/18;2/25;
06-Feb;289000;298000;283000;293000;
06-Mar;3/4;3/11;3/18;3/25;
06-Mar;302000;307000;303000;295000;
06-Apr;4/1;4/8;4/15;4/22;4/29
06-Apr;291000;299000;299000;308000;321000
06-May;5/6;5/13;5/20;5/27;
06-May;347000;335000;319000;330000;
06-Jun;6/3;6/10;6/17;6/24;
06-Jun;307000;298000;308000;309000;
06-Jul;7/1;7/8;7/15;7/22;7/29
06-Jul;316000;343000;318000;306000;311000
06-Aug;8/5;8/12;8/19;8/26;
06-Aug;318000;310000;315000;314000;
06-Sep;9/2;9/9;9/16;9/23;9/30
06-Sep;315000;314000;324000;319000;309000
06-Oct;10/7;10/14;10/21;10/28;
06-Oct;316000;305000;313000;328000;
06-Nov;11/4;11/11;11/18;11/25;
06-Nov;319000;311000;326000;349000;
06-Dec;12/2;12/9;12/16;12/23;12/30
06-Dec;327000;311000;318000;323000;341000
07-Jan;1/6;1/13;1/20;1/27;
07-Jan;330000;296000;335000;308000;
07-Feb;2/3;2/10;2/17;2/24;
07-Feb;310000;338000;321000;322000;
07-Mar;3/3;3/10;3/17;3/24;3/31
07-Mar;320000;308000;309000;303000;307000
07-Apr;4/7;4/14;4/21;4/28;
07-Apr;332000;327000;321000;301000;
07-May;5/5;5/12;5/19;5/26;
07-May;300000;297000;310000;310000;
07-Jun;6/2;6/9;6/16;6/23;6/30
07-Jun;313000;313000;320000;313000;317000
07-Jul;7/7;7/14;7/21;7/28;
07-Jul;321000;317000;310000;305000;
07-Aug;8/4;8/11;8/18;8/25;
07-Aug;314000;316000;321000;329000;
07-Sep;9/1;9/8;9/15;9/22;9/29
07-Sep;314000;321000;313000;302000;317000
07-Oct;10/6;10/13;10/20;10/27;
07-Oct;316000;335000;334000;328000;
07-Nov;11/3;11/10;11/17;11/24;
07-Nov;327000;333000;332000;352000;
07-Dec;12/1;12/8;12/15;12/22;12/29
07-Dec;344000;332000;350000;355000;360000
08-Jan;1/5;1/12;1/19;1/26;
08-Jan;346000;322000;321000;366000;
08-Feb;2/2;2/9;2/16;2/23;
08-Feb;350000;344000;339000;354000;
08-Mar;3/1;3/8;3/15;3/22;3/29
08-Mar;345000;348000;369000;368000;387000
08-Apr;4/5;4/12;4/19;4/26;
08-Apr;354000;365000;349000;370000;
08-May;5/3;5/10;5/17;5/24;5/31
08-May;370000;366000;367000;369000;362000
08-Jun;6/7;6/14;6/21;6/28;
08-Jun;382000;378000;381000;392000;
08-Jul;7/5;7/12;7/19;7/26;
08-Jul;371000;385000;402000;434000;
08-Aug;8/2;8/9;8/16;8/23;8/30
08-Aug;448000;430000;424000;421000;442000
08-Sep;9/6;9/13;9/20;9/27;
08-Sep;441000;449000;483000;483000;
08-Oct;10/4;10/11;10/18;10/25;
08-Oct;482000;461000;478000;480000;
08-Nov;11/1;11/8;11/15;11/22;11/29
08-Nov;490000;512000;536000;532000;529000
08-Dec;12/6;12/13;12/20;12/27;
08-Dec;570000;566000;587000;533000;
09-Jan;1/3;1/10;1/17;1/24;1/31
09-Jan;503000;551000;591000;586000;629000
09-Feb;2/7;2/14;2/21;2/28;
09-Feb;637000;632000;655000;652000;
09-Mar;3/7;3/14;3/21;3/28;
09-Mar;660000;651000;661000;665000;
09-Apr;4/4;4/11;4/18;4/25;
09-Apr;653000;599000;639000;620000;
09-May;5/2;5/9;5/16;5/23;5/30
09-May;602000;625000;620000;606000;607000
09-Jun;6/6;6/13;6/20;6/27;
09-Jun;596000;595000;608000;594000;
09-Jul;7/4;7/11;7/18;7/25;
09-Jul;573000;546000;560000;587000;
09-Aug;8/1;8/8;8/15;8/22;8/29
09-Aug;555000;555000;562000;560000;564000
09-Sep;9/5;9/12;9/19;9/26;
09-Sep;558000;542000;536000;554000;
09-Oct;10/3;10/10;10/17;10/24;10/31
09-Oct;533000;511000;531000;530000;522000
09-Nov;11/7;11/14;11/21;11/28;
09-Nov;512000;507000;482000;475000;
09-Dec;12/5;12/12;12/19;12/26;
09-Dec;497000;498000;479000;468000;
10-Jan;1/2;1/9;1/16;1/23;1/30
10-Jan;456000;469000;507000;471000;496000
10-Feb;2/6;2/13;2/20;2/27;
10-Feb;466000;489000;500000;488000;
10-Mar;3/6;3/13;3/20;3/27;
10-Mar;472000;478000;472000;459000;
10-Apr;4/3;4/10;4/17;4/24;
10-Apr;479000;479000;469000;449000;
10-May;5/1;5/8;5/15;5/22;5/29
10-May;451000;451000;474000;463000;458000
10-Jun;6/5;6/12;6/19;6/26;
10-Jun;459000;467000;452000;464000;
10-Jul;7/3;7/10;7/17;7/24;7/31
10-Jul;454000;439000;462000;465000;476000
10-Aug;8/7;8/14;8/21;8/28;
10-Aug;483000;486000;464000;467000;
10-Sep;9/4;9/11;9/18;9/25;
10-Sep;452000;444000;459000;459000;
10-Oct;10/2;10/9;10/16;10/23;10/30
10-Oct;446000;459000;444000;432000;453000
10-Nov;11/6;11/13;11/20;11/27;
10-Nov;434000;432000;407000;432000;
10-Dec;12/4;12/11;12/18;12/25;
10-Dec;428000;425000;424000;404000;
11-Jan;1/1;1/8;1/15;1/22;1/29
11-Jan;413000;434000;421000;446000;420000
11-Feb;2/5;2/12;2/19;2/26;
11-Feb;402000;425000;394000;385000;
11-Mar;3/5;3/12;3/19;3/26;
11-Mar;414000;404000;407000;399000;
11-Apr;4/2;4/9;4/16;4/23;4/30
11-Apr;395000;416000;402000;422000;468000
11-May;5/7;5/14;5/21;5/28;
11-May;435000;414000;423000;418000;
11-Jun;6/4;6/11;6/18;6/25;
11-Jun;423000;413000;416000;421000;
11-Jul;7/2;7/9;7/16;7/23;7/30
11-Jul;418000;408000;420000;411000;406000
11-Aug;8/6;8/13;8/20;8/27;
11-Aug;405000;409000;415000;409000;
11-Sep;9/3;9/10;9/17;9/24;
11-Sep;414000;429000;422000;406000;
11-Oct;10/1;10/8;10/15;10/22;10/29
11-Oct;405000;410000;395000;403000;399000
11-Nov;11/5;11/12;11/19;11/26;
11-Nov;392000;383000;385000;397000;
11-Dec;12/3;12/10;12/17;12/24;12/31
11-Dec;387000;368000;368000;386000;376000
12-Jan;1/7;1/14;1/21;1/28;
12-Jan;391000;367000;381000;372000;
12-Feb;2/4;2/11;2/18;2/25;
12-Feb;368000;361000;359000;365000;
12-Mar;3/3;3/10;3/17;3/24;3/31
12-Mar;375000;369000;368000;363000;358000
12-Apr;4/7;4/14;4/21;4/28;
12-Apr;387000;381000;387000;372000;
12-May;5/5;5/12;5/19;5/26;
12-May;373000;369000;371000;381000;
12-Jun;6/2;6/9;6/16;6/23;6/30
12-Jun;377000;383000;384000;380000;372000
12-Jul;7/7;7/14;7/21;7/28;
12-Jul;360000;390000;368000;372000;
12-Aug;8/4;8/11;8/18;8/25;
12-Aug;371000;369000;376000;377000;
12-Sep;9/1;9/8;9/15;9/22;9/29
12-Sep;371000;393000;392000;377000;376000
12-Oct;10/6;10/13;10/20;10/27;
12-Oct;350000;386000;374000;364000;
12-Nov;11/3;11/10;11/17;11/24;
12-Nov;365000;446000;406000;388000;
12-Dec;12/1;12/8;12/15;12/22;12/29
12-Dec;375000;340000;356000;362000;362000
13-Jan;1/5;1/12;1/19;1/26;
13-Jan;363000;344000;339000;366000;
13-Feb;2/2;2/9;2/16;2/23;
13-Feb;361000;347000;362000;342000;
13-Mar;3/2;3/9;3/16;3/23;3/30
13-Mar;340000;343000;343000;358000;375000
13-Apr;4/6;4/13;4/20;4/27;
13-Apr;359000;356000;343000;331000;
13-May;5/4;5/11;5/18;5/25;
13-May;335000;360000;343000;353000;
13-Jun;6/1;6/8;6/15;6/22;6/29
13-Jun;346000;337000;353000;347000;340000
13-Jul;7/6;7/13;7/20;7/27;
13-Jul;351000;344000;355000;334000;
13-Aug;8/3;8/10;8/17;8/24;8/31
13-Aug;339000;327000;340000;336000;325000
13-Sep;9/7;9/14;9/21;9/28;
13-Sep;300000;323000;314000;319000;
13-Oct;10/5;10/12;10/19;10/26;
13-Oct;368000;368000;351000;347000;
13-Nov;11/2;11/9;11/16;11/23;11/30
13-Nov;342000;340000;331000;316000;312000
13-Dec;12/7;12/14;12/21;12/28;
13-Dec;354000;364000;334000;332000;
14-Jan;1/4;1/11;1/18;1/25;
14-Jan;322000;318000;327000;340000;
14-Feb;2/1;2/8;2/15;2/22;
14-Feb;331000;337000;332000;341000;
14-Mar;3/1;3/8;3/15;3/22;3/29
14-Mar;319000;322000;321000;313000;330000
14-Apr;4/5;4/12;4/19;4/26;
14-Apr;311000;308000;327000;345000;
14-May;5/3;5/10;5/17;5/24;5/31
14-May;325000;303000;324000;305000;312000
14-Jun;6/7;6/14;6/21;6/28;
14-Jun;317000;314000;315000;308000;
14-Jul;7/5;7/12;7/19;7/26;
14-Jul;302000;308000;294000;303000;
14-Aug;8/2;8/9;8/16;8/23;8/30
14-Aug;295000;309000;303000;300000;303000
14-Sep;9/6;9/13;9/20;9/27;
14-Sep;307000;288000;295000;290000;
14-Oct;10/4;10/11;10/18;10/25;
14-Oct;293000;281000;290000;291000;
14-Nov;11/1;11/8;11/15;11/22;11/29
14-Nov;280000;291000;293000;303000;291000
14-Dec;12/6;12/13;12/20;12/27;
14-Dec;291000;286000;276000;285000;
15-Jan;1/3;1/10;1/17;1/24;1/31
15-Jan;294000;304000;299000;262000;282000
15-Feb;2/7;2/14;2/21;2/28;
15-Feb;298000;284000;305000;316000;
15-Mar;3/7;3/14;3/21;3/28;
15-Mar;293000;289000;283000;267000;
15-Apr;4/4;4/11;4/18;4/25;
15-Apr;281000;294000;295000;269000;
15-May;5/2;5/9;5/16;5/23;5/30
15-May;269000;270000;275000;280000;275000
15-Jun;6/6;6/13;6/20;6/27;
15-Jun;278000;268000;274000;275000;
15-Jul;7/4;7/11;7/18;7/25;
15-Jul;292000;284000;265000;268000;
15-Aug;8/1;8/8;8/15;8/22;8/29
15-Aug;270000;274000;278000;274000;280000
15-Sep;9/5;9/12;9/19;9/26;
15-Sep;272000;264000;269000;273000;
15-Oct;10/3;10/10;10/17;10/24;10/31
15-Oct;267000;265000;265000;264000;275000
15-Nov;11/7;11/14;11/21;11/28;
15-Nov;276000;274000;261000;264000;
15-Dec;12/5;12/12;12/19;12/26;
15-Dec;283000;271000;262000;277000;
16-Jan;1/2;1/9;1/16;1/23;1/30
16-Jan;275000;282000;292000;270000;283000
16-Feb;2/6;2/13;2/20;2/27;
16-Feb;265000;262000;271000;268000;
16-Mar;3/5;3/12;3/19;3/26;
16-Mar;256000;262000;263000;271000;
16-Apr;4/2;4/9;4/16;4/23;4/30
16-Apr;269000;258000;254000;260000;279000
16-May;5/7;5/14;5/21;5/28;
16-May;288000;278000;266000;264000;
16-Jun;6/4;6/11;6/18;6/25;
16-Jun;265000;273000;262000;263000;
16-Jul;7/2;7/9;7/16;7/23;7/30
16-Jul;256000;255000;260000;263000;267000
16-Aug;8/6;8/13;8/20;8/27;
16-Aug;266000;265000;264000;262000;
16-Sep;9/3;9/10;9/17;9/24;
16-Sep;257000;251000;252000;247000;
16-Oct;10/1;10/8;10/15;10/22;10/29
16-Oct;247000;250000;265000;257000;266000
16-Nov;11/5;11/12;11/19;11/26;
16-Nov;251000;235000;249000;259000;
16-Dec;12/3;12/10;12/17;12/24;12/31
16-Dec;253000;257000;264000;255000;238000
17-Jan;1/7;1/14;1/21;1/28;
17-Jan;242000;248000;257000;244000;
17-Feb;2/4;2/11;2/18;2/25;
17-Feb;235000;243000;244000;232000;
17-Mar;3/4;3/11;3/18;3/25;
17-Mar;244000;243000;253000;253000;
17-Apr;4/1;4/8;4/15;4/22;4/29
17-Apr;232000;232000;241000;253000;242000
17-May;5/6;5/13;5/20;5/27;
17-May;237000;235000;232000;251000;
17-Jun;6/3;6/10;6/17;6/24;
17-Jun;244000;238000;243000;239000;
17-Jul;7/1;7/8;7/15;7/22;7/29
17-Jul;248000;246000;241000;243000;243000
17-Aug;8/5;8/12;8/19;8/26;
17-Aug;244000;237000;239000;239000;
17-Sep;9/2;9/9;9/16;9/23;9/30
17-Sep;300000;272000;260000;262000;257000
17-Oct;10/7;10/14;10/21;10/28;
17-Oct;245000;233000;236000;237000;
17-Nov;11/4;11/11;11/18;11/25;
17-Nov;239000;250000;240000;237000;
17-Dec;12/2;12/9;12/16;12/23;12/30
17-Dec;235000;234000;244000;245000;246000
18-Jan;1/6;1/13;1/20;1/27;
18-Jan;250000;230000;238000;225000;
18-Feb;2/3;2/10;2/17;2/24;
18-Feb;219000;226000;216000;216000;
18-Mar;3/3;3/10;3/17;3/24;3/31
18-Mar;223000;222000;221000;217000;231000
18-Apr;4/7;4/14;4/21;4/28;
18-Apr;227000;227000;210000;213000;
18-May;5/5;5/12;5/19;5/26;
18-May;211000;221000;227000;221000;
18-Jun;6/2;6/9;6/16;6/23;6/30
18-Jun;220000;219000;219000;223000;229000
18-Jul;7/7;7/14;7/21;7/28;
18-Jul;212000;212000;217000;220000;
18-Aug;8/4;8/11;8/18;8/25;
18-Aug;215000;215000;214000;215000;
18-Sep;9/1;9/8;9/15;9/22;9/29
18-Sep;210000;208000;212000;212000;218000
18-Oct;10/6;10/13;10/20;10/27;
18-Oct;212000;215000;218000;219000;
18-Nov;11/3;11/10;11/17;11/24;
18-Nov;217000;223000;224000;234000;
18-Dec;12/1;12/8;12/15;12/22;12/29
18-Dec;229000;213000;220000;223000;231000
19-Jan;1/5;1/12;1/19;1/26;
19-Jan;221000;217000;211000;244000;
19-Feb;2/2;2/9;2/16;2/23;
19-Feb;230000;231000;213000;224000;
19-Mar;3/2;3/9;3/16;3/23;3/30
19-Mar;218000;224000;216000;212000;204000
19-Apr;4/6;4/13;4/20;4/27;
19-Apr;197000;193000;230000;230000;
19-May;5/4;5/11;5/18;5/25;
19-May;228000;212000;212000;218000;
19-Jun;6/1;6/8;6/15;6/22;6/29
19-Jun;219000;222000;217000;229000;222000
19-Jul;7/6;7/13;7/20;7/27;
19-Jul;208000;216000;207000;217000;
